Framebuffer (MSAA 4x) incomplete
Framebuffer: MSAA 4x no soportado, cayendo a 0x
[LGDC 2026-09-27T12:16:25.318Z] launch catalog
[LGDC 2026-09-27T12:16:25.416Z] launch getbest EB040
[GloTecAdapter] Error: indice GloTEC vacio
[LGDC 2026-09-27T12:16:28.505Z] gate-consult deny gambit foF2 2026.09.22T00:15 ms-since-last=3089
[LGDC 2026-09-27T12:16:37.427Z] launch getbest KL154
[LGDC 2026-09-27T12:16:37.861Z] gate-consult deny gambit foF2 2026.09.22T00:15 ms-since-last=434
[LGDC 2026-09-27T12:16:47.080Z] gate-consult deny gambit foF2 2026.09.22T00:15 ms-since-last=9653
[LGDC 2026-09-27T12:16:49.430Z] launch getbest JR055
[LGDC 2026-09-27T12:16:56.285Z] gate-consult deny gambit foF2 2026.09.22T00:15 ms-since-last=6855
[LGDC 2026-09-27T12:17:01.438Z] launch getbest KI167
[LGDC 2026-09-27T12:17:05.176Z] gate-consult deny gambit foF2 2026.09.22T00:15 ms-since-last=3738
[LGDC 2026-09-27T12:17:13.445Z] launch getbest FF051
[LGDC 2026-09-27T12:17:14.283Z] gate-consult deny gambit foF2 2026.09.22T00:15 ms-since-last=838
[LGDC 2026-09-27T12:17:23.181Z] gate-consult deny gambit foF2 2026.09.22T00:15 ms-since-last=9736
[LGDC 2026-09-27T12:17:25.457Z] launch getbest EA036
[LGDC 2026-09-27T12:17:32.149Z] gate-consult deny gambit foF2 2026.09.22T00:15 ms-since-last=6692
[LGDC 2026-09-27T12:17:37.467Z] launch getbest AT138
[LGDC 2026-09-27T12:17:40.975Z] gate-consult deny gambit foF2 2026.09.22T00:15 ms-since-last=3508
[LGDC 2026-09-27T12:17:49.482Z] launch getbest PQ052
[LGDC 2026-09-27T12:17:49.944Z] gate-consult deny gambit foF2 2026.09.22T00:15 ms-since-last=462
[LGDC 2026-09-27T12:17:59.030Z] gate-consult deny gambit foF2 2026.09.22T00:15 ms-since-last=9548
[LGDC 2026-09-27T12:18:01.484Z] launch getbest GM037
[LGDC 2026-09-27T12:18:07.904Z] gate-consult deny gambit foF2 2026.09.22T00:15 ms-since-last=6420
[LGDC 2026-09-27T12:18:13.489Z] launch getbest VT139
[LGDC 2026-09-27T12:18:16.760Z] gate-consult deny gambit foF2 2026.09.22T00:15 ms-since-last=3271
[LGDC 2026-09-27T12:18:25.489Z] launch getbest RV149
[LGDC 2026-09-27T12:18:25.773Z] gate-consult deny gambit foF2 2026.09.22T00:15 ms-since-last=284
[LGDC 2026-09-27T12:18:34.616Z] gate-consult deny gambit foF2 2026.09.22T00:15 ms-since-last=9127
[LGDC 2026-09-27T12:18:37.493Z] launch getbest MZ152
[LGDC 2026-09-27T12:18:43.551Z] gate-consult deny gambit foF2 2026.09.22T00:15 ms-since-last=6058
[LGDC 2026-09-27T12:18:49.506Z] launch getbest RL052
[LGDC 2026-09-27T12:18:52.557Z] gate-consult deny gambit foF2 2026.09.22T00:15 ms-since-last=3051
[LGDC 2026-09-27T12:19:01.519Z] launch getbest SO148
[LGDC 2026-09-27T12:19:01.738Z] gate-consult deny gambit foF2 2026.09.22T00:15 ms-since-last=219
[LGDC 2026-09-27T12:19:10.956Z] gate-consult deny gambit foF2 2026.09.22T00:15 ms-since-last=9437
[LGDC 2026-09-27T12:19:13.529Z] launch getbest LD160
[LGDC 2026-09-27T12:19:20.017Z] gate-consult deny gambit foF2 2026.09.22T00:15 ms-since-last=6488
[LGDC 2026-09-27T12:19:25.542Z] launch getbest OL246
[LGDC 2026-09-27T12:19:28.901Z] gate-consult deny gambit foF2 2026.09.22T00:15 ms-since-last=3359
[LGDC 2026-09-27T12:19:37.554Z] launch getbest TR170
[LGDC 2026-09-27T12:19:37.770Z] gate-consult deny gambit foF2 2026.09.22T00:15 ms-since-last=216
[LGDC 2026-09-27T12:19:46.888Z] gate-consult deny gambit foF2 2026.09.22T00:15 ms-since-last=9334
[LGDC 2026-09-27T12:19:49.564Z] launch getbest TR169
[LGDC 2026-09-27T12:19:55.734Z] gate-consult deny gambit foF2 2026.09.22T00:15 ms-since-last=6170
[LGDC 2026-09-27T12:20:01.568Z] launch getbest EG931
[LGDC 2026-09-27T12:20:04.487Z] gate-consult deny gambit foF2 2026.09.22T00:15 ms-since-last=2919
[LGDC 2026-09-27T12:20:13.253Z] gate-consult deny gambit foF2 2026.09.22T00:15 ms-since-last=11685
[LGDC 2026-09-27T12:20:13.578Z] launch getbest DB049
[LGDC 2026-09-27T12:20:21.938Z] gate-consult deny gambit foF2 2026.09.22T00:15 ms-since-last=8360
[LGDC 2026-09-27T12:20:25.582Z] launch getbest CS839
[LGDC 2026-09-27T12:20:31.057Z] gate-consult deny gambit foF2 2026.09.22T00:15 ms-since-last=5475
[LGDC 2026-09-27T12:20:37.585Z] launch getbest PF765
[LGDC 2026-09-27T12:20:41.819Z] gate-consult deny gambit foF2 2026.09.22T00:15 ms-since-last=4234
[LGDC 2026-09-27T12:20:49.585Z] launch getbest BC840
[LGDC 2026-09-27T12:20:52.432Z] gate-consult deny gambit foF2 2026.09.22T00:15 ms-since-last=2847
[LGDC 2026-09-27T12:21:01.596Z] launch getbest EI764
[LGDC 2026-09-27T12:21:02.801Z] gate-consult deny gambit foF2 2026.09.22T00:15 ms-since-last=1205
[LGDC 2026-09-27T12:21:12.119Z] gate-consult deny gambit foF2 2026.09.22T00:15 ms-since-last=10523
[LGDC 2026-09-27T12:21:13.601Z] launch getbest SMK29
[LGDC 2026-09-27T12:21:22.147Z] gate-consult deny gambit foF2 2026.09.22T00:15 ms-since-last=8546
[LGDC 2026-09-27T12:21:25.607Z] launch getbest TNJ20
[LGDC 2026-09-27T12:21:33.177Z] gate-consult deny gambit foF2 2026.09.22T00:15 ms-since-last=7570
[LGDC 2026-09-27T12:21:37.611Z] launch getbest AU930
[LGDC 2026-09-27T12:21:43.029Z] gate-consult deny gambit foF2 2026.09.22T00:15 ms-since-last=5418
[LGDC 2026-09-27T12:21:49.625Z] launch getbest BVJ03
[LGDC 2026-09-27T12:21:51.961Z] gate-consult deny gambit foF2 2026.09.22T00:15 ms-since-last=2336
[LGDC 2026-09-27T12:22:00.732Z] gate-consult deny gambit foF2 2026.09.22T00:15 ms-since-last=11107
[LGDC 2026-09-27T12:22:01.630Z] launch getbest CXM9B
[LGDC 2026-09-27T12:22:09.573Z] gate-consult deny gambit foF2 2026.09.22T00:15 ms-since-last=7943
[LGDC 2026-09-27T12:22:13.643Z] launch getbest LA42Q
[LGDC 2026-09-27T12:22:18.345Z] gate-consult deny gambit foF2 2026.09.22T00:15 ms-since-last=4702
[LGDC 2026-09-27T12:22:25.650Z] launch getbest DW41K
[LGDC 2026-09-27T12:22:27.151Z] gate-consult deny gambit foF2 2026.09.22T00:15 ms-since-last=1501
[LGDC 2026-09-27T12:22:35.973Z] gate-consult deny gambit foF2 2026.09.22T00:15 ms-since-last=10323
[LGDC 2026-09-27T12:22:37.663Z] launch getbest AC843
[LGDC 2026-09-27T12:22:44.689Z] gate-consult deny gambit foF2 2026.09.22T00:15 ms-since-last=7026
[LGDC 2026-09-27T12:22:49.669Z] launch getbest CAJ2M
[SolarWindAdapter] No se pudo obtener mag JSON: curl: Timeout was reached
[LGDC 2026-09-27T12:22:53.438Z] gate-consult deny gambit foF2 2026.09.22T00:15 ms-since-last=3769
[LGDC 2026-09-27T12:23:01.670Z] launch getbest CB53N
[LGDC 2026-09-27T12:23:02.159Z] gate-consult deny gambit foF2 2026.09.22T00:15 ms-since-last=489
[SolarWindAdapter] No se pudo obtener wind JSON: curl: Timeout was reached
[SolarWindAdapter] Ambos endpoints fallaron -> simulado.
[LGDC 2026-09-27T12:23:10.960Z] gate-consult deny gambit foF2 2026.09.22T00:15 ms-since-last=9290
[LGDC 2026-09-27T12:23:13.679Z] launch getbest BLJ03
[LGDC 2026-09-27T12:23:19.654Z] gate-consult deny gambit foF2 2026.09.22T00:15 ms-since-last=5975
[LGDC 2026-09-27T12:23:25.679Z] launch getbest DH224
[LGDC 2026-09-27T12:23:28.360Z] gate-consult deny gambit foF2 2026.09.22T00:15 ms-since-last=2681
[LGDC 2026-09-27T12:23:37.092Z] gate-consult deny gambit foF2 2026.09.22T00:15 ms-since-last=11413
[LGDC 2026-09-27T12:23:37.683Z] launch getbest XI434
[LGDC 2026-09-27T12:23:45.837Z] gate-consult deny gambit foF2 2026.09.22T00:15 ms-since-last=8154
[LGDC 2026-09-27T12:23:49.696Z] launch getbest TO535
[LGDC 2026-09-27T12:23:54.642Z] gate-consult deny gambit foF2 2026.09.22T00:15 ms-since-last=4946
[LGDC 2026-09-27T12:24:01.709Z] launch getbest TV51R
[LGDC 2026-09-27T12:24:03.353Z] gate-consult deny gambit foF2 2026.09.22T00:15 ms-since-last=1644
[LGDC 2026-09-27T12:24:12.047Z] gate-consult deny gambit foF2 2026.09.22T00:15 ms-since-last=10338
[LGDC 2026-09-27T12:24:13.723Z] launch getbest IC437
[LGDC 2026-09-27T12:24:20.721Z] gate-consult deny gambit foF2 2026.09.22T00:15 ms-since-last=6998
[LGDC 2026-09-27T12:24:25.737Z] launch getbest NI135
[LGDC 2026-09-27T12:24:29.461Z] gate-consult deny gambit foF2 2026.09.22T00:15 ms-since-last=3724
[LGDC 2026-09-27T12:24:37.742Z] launch getbest MA155
[LGDC 2026-09-27T12:24:41.157Z] gate-consult deny gambit foF2 2026.09.22T00:15 ms-since-last=3415
[LGDC 2026-09-27T12:24:49.748Z] launch getbest CS31K
[LGDC 2026-09-27T12:24:52.374Z] gate-consult deny gambit foF2 2026.09.22T00:15 ms-since-last=2626
[LGDC 2026-09-27T12:25:01.758Z] launch getbest GR13L
[LGDC 2026-09-27T12:25:02.736Z] gate-consult deny gambit foF2 2026.09.22T00:15 ms-since-last=978
[LGDC 2026-09-27T12:25:12.682Z] gate-consult deny gambit foF2 2026.09.22T00:15 ms-since-last=10924
[LGDC 2026-09-27T12:25:13.760Z] launch getbest MU12K
[LGDC 2026-09-27T12:25:21.447Z] gate-consult deny gambit foF2 2026.09.22T00:15 ms-since-last=7687
[LGDC 2026-09-27T12:25:25.767Z] launch getbest MO155
[LGDC 2026-09-27T12:25:30.205Z] gate-consult deny gambit foF2 2026.09.22T00:15 ms-since-last=4438
[LGDC 2026-09-27T12:25:37.778Z] launch getbest NDA81
[LGDC 2026-09-27T12:25:39.019Z] gate-consult deny gambit foF2 2026.09.22T00:15 ms-since-last=1241
[LGDC 2026-09-27T12:25:47.766Z] gate-consult deny gambit foF2 2026.09.22T00:15 ms-since-last=9988
[LGDC 2026-09-27T12:25:49.780Z] launch getbest RM041
[LGDC 2026-09-27T12:25:56.558Z] gate-consult deny gambit foF2 2026.09.22T00:15 ms-since-last=6778
[LGDC 2026-09-27T12:26:01.789Z] launch getbest ML10L
[LGDC 2026-09-27T12:26:05.329Z] gate-consult deny gambit foF2 2026.09.22T00:15 ms-since-last=3540
[LGDC 2026-09-27T12:26:13.792Z] launch getbest TR0P2
[LGDC 2026-09-27T12:26:14.261Z] gate-consult deny gambit foF2 2026.09.22T00:15 ms-since-last=469
[LGDC 2026-09-27T12:26:23.261Z] gate-consult deny gambit foF2 2026.09.22T00:15 ms-since-last=9469
[LGDC 2026-09-27T12:26:34.826Z] launch gambit foF2 2026.09.22T00:15
[LGDC 2026-09-27T12:26:34.849Z] result ok gambit foF2 2026.09.22T00:15
[LGDC 2026-09-27T12:26:38.036Z] gate-consult deny gambit foF2 2026.09.22T00:30 ms-since-last=5977
[LGDC 2026-09-27T12:26:46.923Z] gate-consult deny gambit foF2 2026.09.22T00:30 ms-since-last=14864
[LGDC 2026-09-27T12:26:58.273Z] launch gambit foF2 2026.09.22T00:30
[LGDC 2026-09-27T12:26:58.388Z] result ok gambit foF2 2026.09.22T00:30
[LGDC 2026-09-27T12:27:01.621Z] gate-consult deny gambit foF2 2026.09.22T00:45 ms-since-last=5785
[LGDC 2026-09-27T12:27:10.331Z] gate-consult deny gambit foF2 2026.09.22T00:45 ms-since-last=14495
[LGDC 2026-09-27T12:27:21.696Z] launch gambit foF2 2026.09.22T00:45
[LGDC 2026-09-27T12:27:21.719Z] result ok gambit foF2 2026.09.22T00:45
[LGDC 2026-09-27T12:27:24.945Z] gate-consult deny gambit foF2 2026.09.22T01:00 ms-since-last=5803
[LGDC 2026-09-27T12:27:33.684Z] gate-consult deny gambit foF2 2026.09.22T01:00 ms-since-last=14542
[LGDC 2026-09-27T12:27:46.009Z] launch gambit foF2 2026.09.22T01:00
[LGDC 2026-09-27T12:27:46.029Z] result ok gambit foF2 2026.09.22T01:00
[LGDC 2026-09-27T12:27:49.280Z] gate-consult deny gambit foF2 2026.09.22T01:15 ms-since-last=6890
[LGDC 2026-09-27T12:28:01.726Z] launch gambit foF2 2026.09.22T01:15
[LGDC 2026-09-27T12:28:01.744Z] result ok gambit foF2 2026.09.22T01:15
[LGDC 2026-09-27T12:28:04.955Z] gate-consult deny gambit foF2 2026.09.22T01:30 ms-since-last=6942
[LGDC 2026-09-27T12:28:16.742Z] launch gambit foF2 2026.09.22T01:30
[LGDC 2026-09-27T12:28:16.765Z] result ok gambit foF2 2026.09.22T01:30
[LGDC 2026-09-27T12:28:20.006Z] gate-consult deny gambit foF2 2026.09.22T01:45 ms-since-last=6284
[LGDC 2026-09-27T12:28:31.267Z] launch gambit foF2 2026.09.22T01:45
[LGDC 2026-09-27T12:28:31.285Z] result ok gambit foF2 2026.09.22T01:45
[LGDC 2026-09-27T12:28:34.598Z] gate-consult deny gambit foF2 2026.09.22T02:00 ms-since-last=5849
[LGDC 2026-09-27T12:28:43.446Z] gate-consult deny gambit foF2 2026.09.22T02:00 ms-since-last=14697
[LGDC 2026-09-27T12:28:54.956Z] launch gambit foF2 2026.09.22T02:00
[LGDC 2026-09-27T12:28:54.972Z] result ok gambit foF2 2026.09.22T02:00
[LGDC 2026-09-27T12:28:58.211Z] gate-consult deny gambit foF2 2026.09.22T02:15 ms-since-last=5747
[LGDC 2026-09-27T12:29:07.015Z] gate-consult deny gambit foF2 2026.09.22T02:15 ms-since-last=14551
[LGDC 2026-09-27T12:29:18.039Z] launch gambit foF2 2026.09.22T02:15
[LGDC 2026-09-27T12:29:18.056Z] result ok gambit foF2 2026.09.22T02:15
[LGDC 2026-09-27T12:29:21.275Z] gate-consult deny gambit foF2 2026.09.22T02:30 ms-since-last=5500
[LGDC 2026-09-27T12:29:30.029Z] gate-consult deny gambit foF2 2026.09.22T02:30 ms-since-last=14254
[LGDC 2026-09-27T12:29:40.955Z] launch gambit foF2 2026.09.22T02:30
[LGDC 2026-09-27T12:29:40.987Z] result ok gambit foF2 2026.09.22T02:30
[LGDC 2026-09-27T12:29:44.328Z] gate-consult deny gambit foF2 2026.09.22T02:45 ms-since-last=5568
[LGDC 2026-09-27T12:29:53.151Z] gate-consult deny gambit foF2 2026.09.22T02:45 ms-since-last=14391
[LGDC 2026-09-27T12:30:04.823Z] launch gambit foF2 2026.09.22T02:45
[LGDC 2026-09-27T12:30:04.841Z] result ok gambit foF2 2026.09.22T02:45
[LGDC 2026-09-27T12:30:08.067Z] gate-consult deny gambit foF2 2026.09.22T03:00 ms-since-last=6151
[LGDC 2026-09-27T12:30:19.400Z] launch gambit foF2 2026.09.22T03:00
[LGDC 2026-09-27T12:30:19.419Z] result ok gambit foF2 2026.09.22T03:00
[LGDC 2026-09-27T12:30:22.697Z] gate-consult deny gambit foF2 2026.09.22T03:15 ms-since-last=5758
[LGDC 2026-09-27T12:30:31.478Z] gate-consult deny gambit foF2 2026.09.22T03:15 ms-since-last=14539
[LGDC 2026-09-27T12:30:40.905Z] result fail gambit foF2 2026.09.22T03:15 red/pre-gate
[LGDC 2026-09-27T12:30:49.670Z] gate-consult deny gambit foF2 2026.09.22T03:15 ms-since-last=9392
[LGDC 2026-09-27T12:31:00.735Z] launch gambit foF2 2026.09.22T03:15
[LGDC 2026-09-27T12:31:00.753Z] result ok gambit foF2 2026.09.22T03:15
[LGDC 2026-09-27T12:31:04.067Z] gate-consult deny gambit foF2 2026.09.22T03:30 ms-since-last=5636
[LGDC 2026-09-27T12:31:12.882Z] gate-consult deny gambit foF2 2026.09.22T03:30 ms-since-last=14451
[LGDC 2026-09-27T12:31:24.095Z] launch gambit foF2 2026.09.22T03:30
[LGDC 2026-09-27T12:31:24.113Z] result ok gambit foF2 2026.09.22T03:30
[LGDC 2026-09-27T12:31:24.606Z] launch getbest EB040
[LGDC 2026-09-27T12:31:24.856Z] launch getbest EA036
[LGDC 2026-09-27T12:31:25.109Z] launch getbest JR055
[LGDC 2026-09-27T12:31:25.362Z] launch getbest PQ052
[LGDC 2026-09-27T12:31:25.614Z] launch getbest GM037
[LGDC 2026-09-27T12:31:25.872Z] launch getbest AT138
[LGDC 2026-09-27T12:31:26.124Z] launch getbest VT139
[LGDC 2026-09-27T12:31:26.380Z] launch getbest MZ152
[LGDC 2026-09-27T12:31:26.634Z] launch getbest SO148
[LGDC 2026-09-27T12:31:26.972Z] launch getbest TR169
[LGDC 2026-09-27T12:31:27.226Z] launch getbest DB049
[LGDC 2026-09-27T12:31:27.479Z] gate-consult deny gambit foF2 2026.09.22T03:45 ms-since-last=253
[LGDC 2026-09-27T12:31:27.499Z] launch getbest EG931
[LGDC 2026-09-27T12:31:36.311Z] gate-consult deny gambit foF2 2026.09.22T03:45 ms-since-last=8829
[LGDC 2026-09-27T12:31:47.262Z] launch gambit foF2 2026.09.22T03:45
[LGDC 2026-09-27T12:31:47.385Z] result ok gambit foF2 2026.09.22T03:45
[LGDC 2026-09-27T12:31:50.621Z] gate-consult deny gambit foF2 2026.09.22T04:00 ms-since-last=5569
[LGDC 2026-09-27T12:31:59.371Z] gate-consult deny gambit foF2 2026.09.22T04:00 ms-since-last=14319
[LGDC 2026-09-27T12:32:10.554Z] launch gambit foF2 2026.09.22T04:00
[LGDC 2026-09-27T12:32:10.580Z] result ok gambit foF2 2026.09.22T04:00
[LGDC 2026-09-27T12:32:13.828Z] gate-consult deny gambit foF2 2026.09.22T04:15 ms-since-last=5585
[LGDC 2026-09-27T12:32:22.534Z] gate-consult deny gambit foF2 2026.09.22T04:15 ms-since-last=14291
[LGDC 2026-09-27T12:32:31.903Z] result fail gambit foF2 2026.09.22T04:15 red/pre-gate
[LGDC 2026-09-27T12:32:40.639Z] gate-consult deny gambit foF2 2026.09.22T04:15 ms-since-last=9292
[LGDC 2026-09-27T12:32:51.771Z] launch gambit foF2 2026.09.22T04:15
[LGDC 2026-09-27T12:32:51.803Z] result ok gambit foF2 2026.09.22T04:15
[LGDC 2026-09-27T12:32:55.088Z] gate-consult deny gambit foF2 2026.09.22T04:30 ms-since-last=5674
[LGDC 2026-09-27T12:33:03.827Z] gate-consult deny gambit foF2 2026.09.22T04:30 ms-since-last=14413
[LGDC 2026-09-27T12:33:14.904Z] launch gambit foF2 2026.09.22T04:30
[LGDC 2026-09-27T12:33:14.922Z] result ok gambit foF2 2026.09.22T04:30
[LGDC 2026-09-27T12:33:19.098Z] gate-consult deny gambit foF2 2026.09.22T04:45 ms-since-last=6397
[LGDC 2026-09-27T12:33:30.809Z] launch gambit foF2 2026.09.22T04:45
[LGDC 2026-09-27T12:33:30.828Z] result ok gambit foF2 2026.09.22T04:45
[LGDC 2026-09-27T12:33:34.198Z] gate-consult deny gambit foF2 2026.09.22T05:00 ms-since-last=5718
[LGDC 2026-09-27T12:33:43.070Z] gate-consult deny gambit foF2 2026.09.22T05:00 ms-since-last=14590
[LGDC 2026-09-27T12:33:54.285Z] launch gambit foF2 2026.09.22T05:00
[LGDC 2026-09-27T12:33:54.303Z] result ok gambit foF2 2026.09.22T05:00
[LGDC 2026-09-27T12:33:57.653Z] gate-consult deny gambit foF2 2026.09.22T05:15 ms-since-last=5642
[LGDC 2026-09-27T12:34:06.630Z] gate-consult deny gambit foF2 2026.09.22T05:15 ms-since-last=14619
[LGDC 2026-09-27T12:34:17.845Z] launch gambit foF2 2026.09.22T05:15
[LGDC 2026-09-27T12:34:17.862Z] result ok gambit foF2 2026.09.22T05:15
[LGDC 2026-09-27T12:34:21.240Z] gate-consult deny gambit foF2 2026.09.22T05:30 ms-since-last=5699
[LGDC 2026-09-27T12:34:30.175Z] gate-consult deny gambit foF2 2026.09.22T05:30 ms-since-last=14634
[LGDC 2026-09-27T12:34:42.097Z] launch gambit foF2 2026.09.22T05:30
[LGDC 2026-09-27T12:34:42.115Z] result ok gambit foF2 2026.09.22T05:30
[LGDC 2026-09-27T12:34:45.591Z] gate-consult deny gambit foF2 2026.09.22T05:45 ms-since-last=6311
[LGDC 2026-09-27T12:34:56.836Z] launch gambit foF2 2026.09.22T05:45
[LGDC 2026-09-27T12:34:56.856Z] result ok gambit foF2 2026.09.22T05:45
[LGDC 2026-09-27T12:35:00.326Z] gate-consult deny gambit foF2 2026.09.22T06:00 ms-since-last=5764
[LGDC 2026-09-27T12:35:09.338Z] gate-consult deny gambit foF2 2026.09.22T06:00 ms-since-last=14776
[LGDC 2026-09-27T12:35:20.634Z] launch gambit foF2 2026.09.22T06:00
[LGDC 2026-09-27T12:35:20.653Z] result ok gambit foF2 2026.09.22T06:00
[LGDC 2026-09-27T12:35:24.090Z] gate-consult deny gambit foF2 2026.09.22T06:15 ms-since-last=5799
[LGDC 2026-09-27T12:35:33.086Z] gate-consult deny gambit foF2 2026.09.22T06:15 ms-since-last=14795
[LGDC 2026-09-27T12:35:44.383Z] launch gambit foF2 2026.09.22T06:15
[LGDC 2026-09-27T12:35:44.397Z] result ok gambit foF2 2026.09.22T06:15
[LGDC 2026-09-27T12:35:47.828Z] gate-consult deny gambit foF2 2026.09.22T06:30 ms-since-last=5728
[LGDC 2026-09-27T12:35:56.724Z] gate-consult deny gambit foF2 2026.09.22T06:30 ms-since-last=14624
[LGDC 2026-09-27T12:36:07.973Z] launch gambit foF2 2026.09.22T06:30
[LGDC 2026-09-27T12:36:07.990Z] result ok gambit foF2 2026.09.22T06:30
[LGDC 2026-09-27T12:36:11.453Z] gate-consult deny gambit foF2 2026.09.22T06:45 ms-since-last=5815
[LGDC 2026-09-27T12:36:20.378Z] gate-consult deny gambit foF2 2026.09.22T06:45 ms-since-last=14740
[LGDC 2026-09-27T12:36:24.605Z] launch getbest BVJ03
[LGDC 2026-09-27T12:36:24.856Z] launch getbest DW41K
[LGDC 2026-09-27T12:36:25.107Z] launch getbest CAJ2M
[LGDC 2026-09-27T12:36:25.368Z] launch getbest CB53N
[LGDC 2026-09-27T12:36:25.620Z] launch getbest NI135
[LGDC 2026-09-27T12:36:25.870Z] launch getbest RM041
[LGDC 2026-09-27T12:36:26.123Z] launch getbest TR0P2
[LGDC 2026-09-27T12:36:26.375Z] launch getbest GR13L
[LGDC 2026-09-27T12:36:29.322Z] gate-consult deny gambit foF2 2026.09.22T06:45 ms-since-last=2947
[LGDC 2026-09-27T12:36:38.295Z] gate-consult deny gambit foF2 2026.09.22T06:45 ms-since-last=11920
[LGDC 2026-09-27T12:36:49.546Z] launch gambit foF2 2026.09.22T06:45
[LGDC 2026-09-27T12:36:49.560Z] result ok gambit foF2 2026.09.22T06:45
[LGDC 2026-09-27T12:36:53.019Z] gate-consult deny gambit foF2 2026.09.22T07:00 ms-since-last=5743
[LGDC 2026-09-27T12:37:02.262Z] gate-consult deny gambit foF2 2026.09.22T07:00 ms-since-last=14986
[LGDC 2026-09-27T12:37:13.830Z] launch gambit foF2 2026.09.22T07:00
[LGDC 2026-09-27T12:37:13.850Z] result ok gambit foF2 2026.09.22T07:00
[LGDC 2026-09-27T12:37:17.315Z] gate-consult deny gambit foF2 2026.09.22T07:15 ms-since-last=6095
[LGDC 2026-09-27T12:37:28.467Z] launch gambit foF2 2026.09.22T07:15
[LGDC 2026-09-27T12:37:28.709Z] result ok gambit foF2 2026.09.22T07:15
[LGDC 2026-09-27T12:37:32.349Z] gate-consult deny gambit foF2 2026.09.22T07:30 ms-since-last=6039
[LGDC 2026-09-27T12:37:41.307Z] gate-consult deny gambit foF2 2026.09.22T07:30 ms-since-last=14997
[LGDC 2026-09-27T12:37:52.686Z] launch gambit foF2 2026.09.22T07:30
[LGDC 2026-09-27T12:37:52.706Z] result ok gambit foF2 2026.09.22T07:30
[LGDC 2026-09-27T12:37:56.140Z] gate-consult deny gambit foF2 2026.09.22T07:45 ms-since-last=5759
[LGDC 2026-09-27T12:38:07.917Z] launch gambit foF2 2026.09.22T07:45
[LGDC 2026-09-27T12:38:07.935Z] result ok gambit foF2 2026.09.22T07:45
[LGDC 2026-09-27T12:38:11.403Z] gate-consult deny gambit foF2 2026.09.22T08:00 ms-since-last=5760
[LGDC 2026-09-27T12:38:20.424Z] gate-consult deny gambit foF2 2026.09.22T08:00 ms-since-last=14781
[LGDC 2026-09-27T12:38:34.284Z] launch gambit foF2 2026.09.22T08:00
[LGDC 2026-09-27T12:38:34.303Z] result ok gambit foF2 2026.09.22T08:00
[LGDC 2026-09-27T12:38:37.762Z] gate-consult deny gambit foF2 2026.09.22T08:15 ms-since-last=8347
[LGDC 2026-09-27T12:38:49.039Z] launch gambit foF2 2026.09.22T08:15
[LGDC 2026-09-27T12:38:49.068Z] result ok gambit foF2 2026.09.22T08:15
[LGDC 2026-09-27T12:38:52.520Z] gate-consult deny gambit foF2 2026.09.22T08:30 ms-since-last=5734
[LGDC 2026-09-27T12:39:01.584Z] gate-consult deny gambit foF2 2026.09.22T08:30 ms-since-last=14798
[LGDC 2026-09-27T12:39:12.847Z] launch gambit foF2 2026.09.22T08:30
[LGDC 2026-09-27T12:39:12.867Z] result ok gambit foF2 2026.09.22T08:30
[LGDC 2026-09-27T12:39:16.368Z] gate-consult deny gambit foF2 2026.09.22T08:45 ms-since-last=5796
[LGDC 2026-09-27T12:39:25.311Z] gate-consult deny gambit foF2 2026.09.22T08:45 ms-since-last=14739
[LGDC 2026-09-27T12:39:36.465Z] launch gambit foF2 2026.09.22T08:45
[LGDC 2026-09-27T12:39:36.485Z] result ok gambit foF2 2026.09.22T08:45
[LGDC 2026-09-27T12:39:39.920Z] gate-consult deny gambit foF2 2026.09.22T09:00 ms-since-last=5607
[LGDC 2026-09-27T12:39:48.921Z] gate-consult deny gambit foF2 2026.09.22T09:00 ms-since-last=14608
[LGDC 2026-09-27T12:40:00.156Z] launch gambit foF2 2026.09.22T09:00
[LGDC 2026-09-27T12:40:00.173Z] result ok gambit foF2 2026.09.22T09:00
[LGDC 2026-09-27T12:40:03.551Z] gate-consult deny gambit foF2 2026.09.22T09:15 ms-since-last=5658
[LGDC 2026-09-27T12:40:12.518Z] gate-consult deny gambit foF2 2026.09.22T09:15 ms-since-last=14625
[LGDC 2026-09-27T12:40:23.744Z] launch gambit foF2 2026.09.22T09:15
[LGDC 2026-09-27T12:40:23.761Z] result ok gambit foF2 2026.09.22T09:15
[LGDC 2026-09-27T12:40:27.163Z] gate-consult deny gambit foF2 2026.09.22T09:30 ms-since-last=5681
[LGDC 2026-09-27T12:40:36.104Z] gate-consult deny gambit foF2 2026.09.22T09:30 ms-since-last=14622
[LGDC 2026-09-27T12:40:47.072Z] launch gambit foF2 2026.09.22T09:30
[LGDC 2026-09-27T12:40:47.089Z] result ok gambit foF2 2026.09.22T09:30
[LGDC 2026-09-27T12:40:50.483Z] gate-consult deny gambit foF2 2026.09.22T09:45 ms-since-last=5512
[LGDC 2026-09-27T12:40:59.477Z] gate-consult deny gambit foF2 2026.09.22T09:45 ms-since-last=14506
[LGDC 2026-09-27T12:41:11.143Z] launch gambit foF2 2026.09.22T09:45
[LGDC 2026-09-27T12:41:11.167Z] result ok gambit foF2 2026.09.22T09:45
[LGDC 2026-09-27T12:41:14.604Z] gate-consult deny gambit foF2 2026.09.22T10:00 ms-since-last=6132
[LGDC 2026-09-27T12:41:24.614Z] launch getbest EB040
[LGDC 2026-09-27T12:41:24.865Z] launch getbest KI167
[LGDC 2026-09-27T12:41:25.129Z] launch getbest EA036
[LGDC 2026-09-27T12:41:25.393Z] launch getbest OL246
[LGDC 2026-09-27T12:41:25.656Z] launch getbest FF051
[LGDC 2026-09-27T12:41:25.908Z] launch getbest KL154
[LGDC 2026-09-27T12:41:26.160Z] launch getbest LD160
[LGDC 2026-09-27T12:41:26.411Z] launch getbest RV149
[LGDC 2026-09-27T12:41:26.489Z] launch gambit foF2 2026.09.22T10:00
[LGDC 2026-09-27T12:41:26.513Z] result ok gambit foF2 2026.09.22T10:00
[LGDC 2026-09-27T12:41:26.663Z] launch getbest TR170
[LGDC 2026-09-27T12:41:26.918Z] launch getbest CS839
[LGDC 2026-09-27T12:41:27.190Z] launch getbest BC840
[LGDC 2026-09-27T12:41:27.445Z] launch getbest RL052
[LGDC 2026-09-27T12:41:27.698Z] launch getbest PF765
[LGDC 2026-09-27T12:41:27.951Z] launch getbest SMK29
[LGDC 2026-09-27T12:41:28.204Z] launch getbest EI764
[LGDC 2026-09-27T12:41:29.917Z] gate-consult deny gambit foF2 2026.09.22T10:15 ms-since-last=1713
[LGDC 2026-09-27T12:41:38.943Z] gate-consult deny gambit foF2 2026.09.22T10:15 ms-since-last=10739
[LGDC 2026-09-27T12:41:50.863Z] launch gambit foF2 2026.09.22T10:15
[LGDC 2026-09-27T12:41:50.878Z] result ok gambit foF2 2026.09.22T10:15
[LGDC 2026-09-27T12:41:54.338Z] gate-consult deny gambit foF2 2026.09.22T10:30 ms-since-last=5968
[LGDC 2026-09-27T12:42:05.736Z] launch gambit foF2 2026.09.22T10:30
[LGDC 2026-09-27T12:42:05.765Z] result ok gambit foF2 2026.09.22T10:30
[LGDC 2026-09-27T12:42:09.161Z] gate-consult deny gambit foF2 2026.09.22T10:45 ms-since-last=5656
[LGDC 2026-09-27T12:42:18.205Z] gate-consult deny gambit foF2 2026.09.22T10:45 ms-since-last=14700
[LGDC 2026-09-27T12:42:29.461Z] launch gambit foF2 2026.09.22T10:45
[LGDC 2026-09-27T12:42:29.477Z] result ok gambit foF2 2026.09.22T10:45
[LGDC 2026-09-27T12:42:33.054Z] gate-consult deny gambit foF2 2026.09.22T11:00 ms-since-last=5791
[LGDC 2026-09-27T12:42:42.029Z] gate-consult deny gambit foF2 2026.09.22T11:00 ms-since-last=14766
[LGDC 2026-09-27T12:42:54.808Z] launch gambit foF2 2026.09.22T11:00
[LGDC 2026-09-27T12:42:54.827Z] result ok gambit foF2 2026.09.22T11:00
[LGDC 2026-09-27T12:42:58.195Z] gate-consult deny gambit foF2 2026.09.22T11:15 ms-since-last=6927
[LGDC 2026-09-27T12:43:09.864Z] launch gambit foF2 2026.09.22T11:15
[LGDC 2026-09-27T12:43:09.896Z] result ok gambit foF2 2026.09.22T11:15
[LGDC 2026-09-27T12:43:13.342Z] gate-consult deny gambit foF2 2026.09.22T11:30 ms-since-last=6077
[LGDC 2026-09-27T12:43:24.624Z] launch gambit foF2 2026.09.22T11:30
[LGDC 2026-09-27T12:43:24.640Z] result ok gambit foF2 2026.09.22T11:30
[LGDC 2026-09-27T12:43:28.129Z] gate-consult deny gambit foF2 2026.09.22T11:45 ms-since-last=5734
[LGDC 2026-09-27T12:43:37.118Z] gate-consult deny gambit foF2 2026.09.22T11:45 ms-since-last=14723
[LGDC 2026-09-27T12:43:48.341Z] launch gambit foF2 2026.09.22T11:45
[LGDC 2026-09-27T12:43:48.369Z] result ok gambit foF2 2026.09.22T11:45
[LGDC 2026-09-27T12:43:51.815Z] gate-consult deny gambit foF2 2026.09.22T12:00 ms-since-last=5703
[LGDC 2026-09-27T12:44:00.836Z] gate-consult deny gambit foF2 2026.09.22T12:00 ms-since-last=14724
[LGDC 2026-09-27T12:44:12.212Z] launch gambit foF2 2026.09.22T12:00
[LGDC 2026-09-27T12:44:12.237Z] result ok gambit foF2 2026.09.22T12:00
[LGDC 2026-09-27T12:44:15.667Z] gate-consult deny gambit foF2 2026.09.22T12:15 ms-since-last=5824
[LGDC 2026-09-27T12:44:24.725Z] gate-consult deny gambit foF2 2026.09.22T12:15 ms-since-last=14882
[LGDC 2026-09-27T12:44:36.441Z] launch gambit foF2 2026.09.22T12:15
[LGDC 2026-09-27T12:44:36.460Z] result ok gambit foF2 2026.09.22T12:15
[LGDC 2026-09-27T12:44:39.901Z] gate-consult deny gambit foF2 2026.09.22T12:30 ms-since-last=6248
[LGDC 2026-09-27T12:44:51.192Z] launch gambit foF2 2026.09.22T12:30
[LGDC 2026-09-27T12:44:51.224Z] result ok gambit foF2 2026.09.22T12:30
[LGDC 2026-09-27T12:44:54.682Z] gate-consult deny gambit foF2 2026.09.22T12:45 ms-since-last=5724
[LGDC 2026-09-27T12:45:03.620Z] gate-consult deny gambit foF2 2026.09.22T12:45 ms-since-last=14662
[LGDC 2026-09-27T12:45:14.947Z] launch gambit foF2 2026.09.22T12:45
[LGDC 2026-09-27T12:45:14.964Z] result ok gambit foF2 2026.09.22T12:45
[LGDC 2026-09-27T12:45:18.436Z] gate-consult deny gambit foF2 2026.09.22T13:00 ms-since-last=5728
[LGDC 2026-09-27T12:45:27.402Z] gate-consult deny gambit foF2 2026.09.22T13:00 ms-since-last=14694
[LGDC 2026-09-27T12:45:40.034Z] launch gambit foF2 2026.09.22T13:00
[LGDC 2026-09-27T12:45:40.054Z] result ok gambit foF2 2026.09.22T13:00
[LGDC 2026-09-27T12:45:43.490Z] gate-consult deny gambit foF2 2026.09.22T13:15 ms-since-last=6979
[LGDC 2026-09-27T12:45:54.893Z] launch gambit foF2 2026.09.22T13:15
[LGDC 2026-09-27T12:45:54.910Z] result ok gambit foF2 2026.09.22T13:15
[LGDC 2026-09-27T12:45:58.407Z] gate-consult deny gambit foF2 2026.09.22T13:30 ms-since-last=5807
[LGDC 2026-09-27T12:46:10.049Z] launch gambit foF2 2026.09.22T13:30
[LGDC 2026-09-27T12:46:10.064Z] result ok gambit foF2 2026.09.22T13:30
[LGDC 2026-09-27T12:46:13.587Z] gate-consult deny gambit foF2 2026.09.22T13:45 ms-since-last=5921
[LGDC 2026-09-27T12:46:22.653Z] gate-consult deny gambit foF2 2026.09.22T13:45 ms-since-last=14987
[LGDC 2026-09-27T12:46:24.608Z] launch getbest PQ052
[LGDC 2026-09-27T12:46:24.868Z] launch getbest JR055
[LGDC 2026-09-27T12:46:25.120Z] launch getbest GM037
[LGDC 2026-09-27T12:46:25.376Z] launch getbest AT138
[LGDC 2026-09-27T12:46:25.627Z] launch getbest MZ152
[LGDC 2026-09-27T12:46:25.878Z] launch getbest VT139
[LGDC 2026-09-27T12:46:26.128Z] launch getbest SO148
[LGDC 2026-09-27T12:46:26.381Z] launch getbest TR169
[LGDC 2026-09-27T12:46:26.634Z] launch getbest EG931
[LGDC 2026-09-27T12:46:26.886Z] launch getbest DB049
[LGDC 2026-09-27T12:46:27.136Z] launch getbest AU930
[LGDC 2026-09-27T12:46:27.389Z] launch getbest BVJ03
[LGDC 2026-09-27T12:46:27.643Z] launch getbest AC843
[LGDC 2026-09-27T12:46:27.897Z] launch getbest TNJ20
[LGDC 2026-09-27T12:46:28.149Z] launch getbest BLJ03
[LGDC 2026-09-27T12:46:28.400Z] launch getbest LA42Q
[LGDC 2026-09-27T12:46:28.650Z] launch getbest CXM9B
[LGDC 2026-09-27T12:46:28.901Z] launch getbest TO535
[LGDC 2026-09-27T12:46:29.153Z] launch getbest DH224
[LGDC 2026-09-27T12:46:29.411Z] launch getbest XI434
[LGDC 2026-09-27T12:46:29.669Z] launch getbest DW41K
[LGDC 2026-09-27T12:46:29.921Z] launch getbest IC437
[LGDC 2026-09-27T12:46:30.185Z] launch getbest CS31K
[LGDC 2026-09-27T12:46:30.449Z] launch getbest MO155
[LGDC 2026-09-27T12:46:30.700Z] launch getbest TV51R
[LGDC 2026-09-27T12:46:30.953Z] launch getbest ML10L
[LGDC 2026-09-27T12:46:31.206Z] launch getbest MA155
[LGDC 2026-09-27T12:46:31.462Z] launch getbest NDA81
[LGDC 2026-09-27T12:46:31.718Z] launch getbest MU12K
[LGDC 2026-09-27T12:46:31.753Z] gate-consult deny gambit foF2 2026.09.22T13:45 ms-since-last=35
[LGDC 2026-09-27T12:46:40.838Z] gate-consult deny gambit foF2 2026.09.22T13:45 ms-since-last=9120
[LGDC 2026-09-27T12:46:52.418Z] launch gambit foF2 2026.09.22T13:45
[LGDC 2026-09-27T12:46:52.439Z] result ok gambit foF2 2026.09.22T13:45
[LGDC 2026-09-27T12:46:55.910Z] gate-consult deny gambit foF2 2026.09.22T14:00 ms-since-last=5932
[LGDC 2026-09-27T12:47:09.917Z] launch gambit foF2 2026.09.22T14:00
[LGDC 2026-09-27T12:47:09.934Z] result ok gambit foF2 2026.09.22T14:00
[LGDC 2026-09-27T12:47:13.421Z] gate-consult deny gambit foF2 2026.09.22T14:15 ms-since-last=8369
[LGDC 2026-09-27T12:47:24.875Z] launch gambit foF2 2026.09.22T14:15
[LGDC 2026-09-27T12:47:24.902Z] result ok gambit foF2 2026.09.22T14:15
[LGDC 2026-09-27T12:47:28.453Z] gate-consult deny gambit foF2 2026.09.22T14:30 ms-since-last=5909
[LGDC 2026-09-27T12:47:39.817Z] launch gambit foF2 2026.09.22T14:30
[LGDC 2026-09-27T12:47:39.835Z] result ok gambit foF2 2026.09.22T14:30
[LGDC 2026-09-27T12:47:43.407Z] gate-consult deny gambit foF2 2026.09.22T14:45 ms-since-last=5853
[LGDC 2026-09-27T12:47:52.519Z] gate-consult deny gambit foF2 2026.09.22T14:45 ms-since-last=14965
[LGDC 2026-09-27T12:48:02.321Z] result fail gambit foF2 2026.09.22T14:45 red/pre-gate
[LGDC 2026-09-27T12:48:11.466Z] gate-consult deny gambit foF2 2026.09.22T14:45 ms-since-last=9745
[LGDC 2026-09-27T12:48:22.828Z] launch gambit foF2 2026.09.22T14:45
[LGDC 2026-09-27T12:48:22.846Z] result ok gambit foF2 2026.09.22T14:45
[LGDC 2026-09-27T12:48:26.419Z] gate-consult deny gambit foF2 2026.09.22T15:00 ms-since-last=5860
[LGDC 2026-09-27T12:48:35.553Z] gate-consult deny gambit foF2 2026.09.22T15:00 ms-since-last=14994
[LGDC 2026-09-27T12:48:46.854Z] launch gambit foF2 2026.09.22T15:00
[LGDC 2026-09-27T12:48:46.875Z] result ok gambit foF2 2026.09.22T15:00
[LGDC 2026-09-27T12:48:50.469Z] gate-consult deny gambit foF2 2026.09.22T15:15 ms-since-last=5874
[LGDC 2026-09-27T12:48:59.583Z] gate-consult deny gambit foF2 2026.09.22T15:15 ms-since-last=14988
[LGDC 2026-09-27T12:49:11.539Z] launch gambit foF2 2026.09.22T15:15
[LGDC 2026-09-27T12:49:11.555Z] result ok gambit foF2 2026.09.22T15:15
[LGDC 2026-09-27T12:49:15.235Z] gate-consult deny gambit foF2 2026.09.22T15:30 ms-since-last=6634
[LGDC 2026-09-27T12:49:26.549Z] launch gambit foF2 2026.09.22T15:30
[LGDC 2026-09-27T12:49:26.581Z] result ok gambit foF2 2026.09.22T15:30
[LGDC 2026-09-27T12:49:30.054Z] gate-consult deny gambit foF2 2026.09.22T15:45 ms-since-last=5762
[LGDC 2026-09-27T12:49:39.166Z] gate-consult deny gambit foF2 2026.09.22T15:45 ms-since-last=14874
[LGDC 2026-09-27T12:49:50.442Z] launch gambit foF2 2026.09.22T15:45
[LGDC 2026-09-27T12:49:50.462Z] result ok gambit foF2 2026.09.22T15:45
[LGDC 2026-09-27T12:49:54.005Z] gate-consult deny gambit foF2 2026.09.22T16:00 ms-since-last=5765
[LGDC 2026-09-27T12:50:03.055Z] gate-consult deny gambit foF2 2026.09.22T16:00 ms-since-last=14815
[LGDC 2026-09-27T12:50:14.410Z] launch gambit foF2 2026.09.22T16:00
[LGDC 2026-09-27T12:50:14.435Z] result ok gambit foF2 2026.09.22T16:00
[LGDC 2026-09-27T12:50:17.928Z] gate-consult deny gambit foF2 2026.09.22T16:15 ms-since-last=5839
[LGDC 2026-09-27T12:50:27.029Z] gate-consult deny gambit foF2 2026.09.22T16:15 ms-since-last=14940
[LGDC 2026-09-27T12:50:38.780Z] launch gambit foF2 2026.09.22T16:15
[LGDC 2026-09-27T12:50:38.812Z] result ok gambit foF2 2026.09.22T16:15
[LGDC 2026-09-27T12:50:42.356Z] gate-consult deny gambit foF2 2026.09.22T16:30 ms-since-last=6211
[LGDC 2026-09-27T12:50:53.686Z] launch gambit foF2 2026.09.22T16:30
[LGDC 2026-09-27T12:50:53.705Z] result ok gambit foF2 2026.09.22T16:30
[LGDC 2026-09-27T12:50:57.267Z] gate-consult deny gambit foF2 2026.09.22T16:45 ms-since-last=5800
[LGDC 2026-09-27T12:51:06.305Z] gate-consult deny gambit foF2 2026.09.22T16:45 ms-since-last=14838
[LGDC 2026-09-27T12:51:17.653Z] launch gambit foF2 2026.09.22T16:45
[LGDC 2026-09-27T12:51:17.675Z] result ok gambit foF2 2026.09.22T16:45
[LGDC 2026-09-27T12:51:21.220Z] gate-consult deny gambit foF2 2026.09.22T17:00 ms-since-last=5758
[LGDC 2026-09-27T12:51:24.605Z] launch getbest EB040
[LGDC 2026-09-27T12:51:24.855Z] launch getbest NI135
[LGDC 2026-09-27T12:51:25.107Z] launch getbest CB53N
[LGDC 2026-09-27T12:51:25.359Z] launch getbest CAJ2M
[LGDC 2026-09-27T12:51:25.612Z] launch getbest RM041
[LGDC 2026-09-27T12:51:25.866Z] launch getbest TR0P2
[LGDC 2026-09-27T12:51:26.117Z] launch getbest GR13L
[LGDC 2026-09-27T12:51:30.300Z] gate-consult deny gambit foF2 2026.09.22T17:00 ms-since-last=4183
[LGDC 2026-09-27T12:51:39.440Z] gate-consult deny gambit foF2 2026.09.22T17:00 ms-since-last=13323
[LGDC 2026-09-27T12:51:50.946Z] launch gambit foF2 2026.09.22T17:00
[LGDC 2026-09-27T12:51:50.963Z] result ok gambit foF2 2026.09.22T17:00
[LGDC 2026-09-27T12:51:54.555Z] gate-consult deny gambit foF2 2026.09.22T17:15 ms-since-last=5804
[LGDC 2026-09-27T12:52:03.594Z] gate-consult deny gambit foF2 2026.09.22T17:15 ms-since-last=14843
[LGDC 2026-09-27T12:52:15.431Z] launch gambit foF2 2026.09.22T17:15
[LGDC 2026-09-27T12:52:15.460Z] result ok gambit foF2 2026.09.22T17:15
[LGDC 2026-09-27T12:52:19.002Z] gate-consult deny gambit foF2 2026.09.22T17:30 ms-since-last=6243
[LGDC 2026-09-27T12:52:30.368Z] launch gambit foF2 2026.09.22T17:30
[LGDC 2026-09-27T12:52:30.384Z] result ok gambit foF2 2026.09.22T17:30
[LGDC 2026-09-27T12:52:33.965Z] gate-consult deny gambit foF2 2026.09.22T17:45 ms-since-last=5836
[LGDC 2026-09-27T12:52:45.358Z] launch gambit foF2 2026.09.22T17:45
[LGDC 2026-09-27T12:52:45.375Z] result ok gambit foF2 2026.09.22T17:45
[LGDC 2026-09-27T12:52:48.958Z] gate-consult deny gambit foF2 2026.09.22T18:00 ms-since-last=5827
[LGDC 2026-09-27T12:52:58.073Z] gate-consult deny gambit foF2 2026.09.22T18:00 ms-since-last=14942
[LGDC 2026-09-27T12:53:10.425Z] launch gambit foF2 2026.09.22T18:00
[LGDC 2026-09-27T12:53:10.455Z] result ok gambit foF2 2026.09.22T18:00
[LGDC 2026-09-27T12:53:14.030Z] gate-consult deny gambit foF2 2026.09.22T18:15 ms-since-last=6831
[LGDC 2026-09-27T12:53:25.601Z] launch gambit foF2 2026.09.22T18:15
[LGDC 2026-09-27T12:53:25.619Z] result ok gambit foF2 2026.09.22T18:15
[LGDC 2026-09-27T12:53:29.189Z] gate-consult deny gambit foF2 2026.09.22T18:30 ms-since-last=6045
[LGDC 2026-09-27T12:53:40.625Z] launch gambit foF2 2026.09.22T18:30
[LGDC 2026-09-27T12:53:40.641Z] result ok gambit foF2 2026.09.22T18:30
[LGDC 2026-09-27T12:53:45.082Z] gate-consult deny gambit foF2 2026.09.22T18:45 ms-since-last=6716
[LGDC 2026-09-27T12:53:57.919Z] launch gambit foF2 2026.09.22T18:45
[LGDC 2026-09-27T12:53:57.938Z] result ok gambit foF2 2026.09.22T18:45
[LGDC 2026-09-27T12:54:01.596Z] gate-consult deny gambit foF2 2026.09.22T19:00 ms-since-last=7104
[LGDC 2026-09-27T12:54:13.167Z] launch gambit foF2 2026.09.22T19:00
[LGDC 2026-09-27T12:54:13.192Z] result ok gambit foF2 2026.09.22T19:00
[LGDC 2026-09-27T12:54:16.913Z] gate-consult deny gambit foF2 2026.09.22T19:15 ms-since-last=6013
[LGDC 2026-09-27T12:54:28.374Z] launch gambit foF2 2026.09.22T19:15
[LGDC 2026-09-27T12:54:28.392Z] result ok gambit foF2 2026.09.22T19:15
[LGDC 2026-09-27T12:54:32.075Z] gate-consult deny gambit foF2 2026.09.22T19:30 ms-since-last=5873
[LGDC 2026-09-27T12:54:43.948Z] launch gambit foF2 2026.09.22T19:30
[LGDC 2026-09-27T12:54:43.978Z] result ok gambit foF2 2026.09.22T19:30
[LGDC 2026-09-27T12:54:47.672Z] gate-consult deny gambit foF2 2026.09.22T19:45 ms-since-last=6299
[LGDC 2026-09-27T12:54:59.355Z] launch gambit foF2 2026.09.22T19:45
[LGDC 2026-09-27T12:54:59.382Z] result ok gambit foF2 2026.09.22T19:45
[LGDC 2026-09-27T12:55:03.113Z] gate-consult deny gambit foF2 2026.09.23T20:00 ms-since-last=6176
[LGDC 2026-09-27T12:55:14.749Z] launch gambit foF2 2026.09.23T20:00
[LGDC 2026-09-27T12:55:14.777Z] result ok gambit foF2 2026.09.23T20:00
[LGDC 2026-09-27T12:55:18.493Z] gate-consult deny gambit foF2 2026.09.23T20:15 ms-since-last=6080
[LGDC 2026-09-27T12:55:30.081Z] launch gambit foF2 2026.09.23T20:15
[LGDC 2026-09-27T12:55:30.102Z] result ok gambit foF2 2026.09.23T20:15
[LGDC 2026-09-27T12:55:33.875Z] gate-consult deny gambit foF2 2026.09.23T20:30 ms-since-last=6044
[LGDC 2026-09-27T12:55:45.536Z] launch gambit foF2 2026.09.23T20:30
[LGDC 2026-09-27T12:55:45.554Z] result ok gambit foF2 2026.09.23T20:30
[LGDC 2026-09-27T12:55:49.307Z] gate-consult deny gambit foF2 2026.09.23T20:45 ms-since-last=6164
[LGDC 2026-09-27T12:56:01.037Z] launch gambit foF2 2026.09.23T20:45
[LGDC 2026-09-27T12:56:01.056Z] result ok gambit foF2 2026.09.23T20:45
[LGDC 2026-09-27T12:56:04.786Z] gate-consult deny gambit foF2 2026.09.23T21:00 ms-since-last=6230
[LGDC 2026-09-27T12:56:16.598Z] launch gambit foF2 2026.09.23T21:00
[LGDC 2026-09-27T12:56:16.617Z] result ok gambit foF2 2026.09.23T21:00
[LGDC 2026-09-27T12:56:20.346Z] gate-consult deny gambit foF2 2026.09.23T21:15 ms-since-last=6309
[LGDC 2026-09-27T12:56:24.595Z] launch getbest EA036
[LGDC 2026-09-27T12:56:24.852Z] launch getbest FF051
[LGDC 2026-09-27T12:56:25.102Z] launch getbest PQ052
[LGDC 2026-09-27T12:56:25.353Z] launch getbest JR055
[LGDC 2026-09-27T12:56:29.616Z] gate-consult deny gambit foF2 2026.09.23T21:15 ms-since-last=4263
[LGDC 2026-09-27T12:56:38.898Z] gate-consult deny gambit foF2 2026.09.23T21:15 ms-since-last=13545
[LGDC 2026-09-27T12:56:50.399Z] launch gambit foF2 2026.09.23T21:15
[LGDC 2026-09-27T12:56:50.419Z] result ok gambit foF2 2026.09.23T21:15
[LGDC 2026-09-27T12:56:54.195Z] gate-consult deny gambit foF2 2026.09.23T21:30 ms-since-last=6058
[LGDC 2026-09-27T12:57:05.862Z] launch gambit foF2 2026.09.23T21:30
[LGDC 2026-09-27T12:57:05.883Z] result ok gambit foF2 2026.09.23T21:30
[LGDC 2026-09-27T12:57:09.669Z] gate-consult deny gambit foF2 2026.09.23T21:45 ms-since-last=6158
[LGDC 2026-09-27T12:57:21.482Z] launch gambit foF2 2026.09.23T21:45
[LGDC 2026-09-27T12:57:21.503Z] result ok gambit foF2 2026.09.23T21:45
[LGDC 2026-09-27T12:57:25.479Z] gate-consult deny gambit foF2 2026.09.23T22:00 ms-since-last=6503
[LGDC 2026-09-27T12:57:37.231Z] launch gambit foF2 2026.09.23T22:00
[LGDC 2026-09-27T12:57:37.254Z] result ok gambit foF2 2026.09.23T22:00
[LGDC 2026-09-27T12:57:41.018Z] gate-consult deny gambit foF2 2026.09.23T22:15 ms-since-last=6040
[LGDC 2026-09-27T12:57:52.658Z] launch gambit foF2 2026.09.23T22:15
[LGDC 2026-09-27T12:57:52.682Z] result ok gambit foF2 2026.09.23T22:15
[LGDC 2026-09-27T12:57:57.176Z] gate-consult deny gambit foF2 2026.09.23T22:30 ms-since-last=6839
[LGDC 2026-09-27T12:58:09.219Z] launch gambit foF2 2026.09.23T22:30
[LGDC 2026-09-27T12:58:09.243Z] result ok gambit foF2 2026.09.23T22:30
[LGDC 2026-09-27T12:58:13.067Z] gate-consult deny gambit foF2 2026.09.23T22:45 ms-since-last=6068
[LGDC 2026-09-27T12:58:24.768Z] launch gambit foF2 2026.09.23T22:45
[LGDC 2026-09-27T12:58:24.797Z] result ok gambit foF2 2026.09.23T22:45
[LGDC 2026-09-27T12:58:28.570Z] gate-consult deny gambit foF2 2026.09.23T23:00 ms-since-last=6073
[LGDC 2026-09-27T12:58:40.351Z] launch gambit foF2 2026.09.23T23:00
[LGDC 2026-09-27T12:58:40.373Z] result ok gambit foF2 2026.09.23T23:00
[LGDC 2026-09-27T12:58:44.158Z] gate-consult deny gambit foF2 2026.09.23T23:15 ms-since-last=6278
[LGDC 2026-09-27T12:58:55.706Z] launch gambit foF2 2026.09.23T23:15
[LGDC 2026-09-27T12:58:55.728Z] result ok gambit foF2 2026.09.23T23:15
[LGDC 2026-09-27T12:58:59.498Z] gate-consult deny gambit foF2 2026.09.23T23:30 ms-since-last=6047
[LGDC 2026-09-27T12:59:11.035Z] launch gambit foF2 2026.09.23T23:30
[LGDC 2026-09-27T12:59:11.054Z] result ok gambit foF2 2026.09.23T23:30
[LGDC 2026-09-27T12:59:14.861Z] gate-consult deny gambit foF2 2026.09.23T23:45 ms-since-last=6016
[LGDC 2026-09-27T12:59:26.398Z] launch gambit foF2 2026.09.23T23:45
[LGDC 2026-09-27T12:59:26.427Z] result ok gambit foF2 2026.09.23T23:45
[LGDC 2026-09-27T12:59:30.208Z] gate-consult deny gambit foF2 2026.09.24T00:00 ms-since-last=6034
[LGDC 2026-09-27T12:59:41.875Z] launch gambit foF2 2026.09.24T00:00
[LGDC 2026-09-27T12:59:41.903Z] result ok gambit foF2 2026.09.24T00:00
[LGDC 2026-09-27T12:59:45.704Z] gate-consult deny gambit foF2 2026.09.24T00:15 ms-since-last=6177
[LGDC 2026-09-27T12:59:57.302Z] launch gambit foF2 2026.09.24T00:15
[LGDC 2026-09-27T12:59:57.317Z] result ok gambit foF2 2026.09.24T00:15
[LGDC 2026-09-27T13:00:01.121Z] gate-consult deny gambit foF2 2026.09.24T00:30 ms-since-last=6024
[LGDC 2026-09-27T13:00:13.012Z] launch gambit foF2 2026.09.24T00:30
[LGDC 2026-09-27T13:00:13.036Z] result ok gambit foF2 2026.09.24T00:30
[LGDC 2026-09-27T13:00:16.807Z] gate-consult deny gambit foF2 2026.09.24T00:45 ms-since-last=6387
[LGDC 2026-09-27T13:00:29.501Z] launch gambit foF2 2026.09.24T00:45
[LGDC 2026-09-27T13:00:29.517Z] result ok gambit foF2 2026.09.24T00:45
[LGDC 2026-09-27T13:00:33.382Z] gate-consult deny gambit foF2 2026.09.24T01:00 ms-since-last=7252
[LGDC 2026-09-27T13:00:47.049Z] launch gambit foF2 2026.09.24T01:00
[LGDC 2026-09-27T13:00:47.087Z] result ok gambit foF2 2026.09.24T01:00
[LGDC 2026-09-27T13:00:50.888Z] gate-consult deny gambit foF2 2026.09.24T01:15 ms-since-last=8124
[LGDC 2026-09-27T13:01:13.112Z] launch gambit foF2 2026.09.24T01:15
[LGDC 2026-09-27T13:01:13.138Z] result ok gambit foF2 2026.09.24T01:15
[LGDC 2026-09-27T13:01:22.125Z] launch gambit foF2 2026.09.24T01:30
[LGDC 2026-09-27T13:01:22.158Z] result ok gambit foF2 2026.09.24T01:30
[LGDC 2026-09-27T13:01:24.585Z] launch getbest EB040
[LGDC 2026-09-27T13:01:24.844Z] launch getbest GM037
[LGDC 2026-09-27T13:01:25.094Z] launch getbest VT139
[LGDC 2026-09-27T13:01:25.350Z] launch getbest AT138
[LGDC 2026-09-27T13:01:26.007Z] gate-consult deny gambit foF2 2026.09.24T01:45 ms-since-last=657
[LGDC 2026-09-27T13:01:27.613Z] launch getbest MZ152
[LGDC 2026-09-27T13:01:27.877Z] launch getbest SO148
[LGDC 2026-09-27T13:01:28.127Z] launch getbest TR169
[LGDC 2026-09-27T13:01:28.391Z] launch getbest DB049
[LGDC 2026-09-27T13:01:29.790Z] launch getbest EG931
[LGDC 2026-09-27T13:01:30.930Z] launch getbest BVJ03
[LGDC 2026-09-27T13:01:31.196Z] launch getbest DW41K
[LGDC 2026-09-27T13:01:31.785Z] launch getbest NI135
[LGDC 2026-09-27T13:01:32.564Z] launch getbest TV51R
[LGDC 2026-09-27T13:01:35.379Z] gate-consult deny gambit foF2 2026.09.24T01:45 ms-since-last=2815
[LGDC 2026-09-27T13:01:44.740Z] gate-consult deny gambit foF2 2026.09.24T01:45 ms-since-last=12176
[LGDC 2026-09-27T13:01:58.446Z] launch gambit foF2 2026.09.24T01:45
[LGDC 2026-09-27T13:01:58.459Z] result ok gambit foF2 2026.09.24T01:45
[LGDC 2026-09-27T13:02:02.261Z] gate-consult deny gambit foF2 2026.09.24T02:00 ms-since-last=8150
[LGDC 2026-09-27T13:02:13.839Z] launch gambit foF2 2026.09.24T02:00
[LGDC 2026-09-27T13:02:13.858Z] result ok gambit foF2 2026.09.24T02:00
[LGDC 2026-09-27T13:02:17.705Z] gate-consult deny gambit foF2 2026.09.24T02:15 ms-since-last=6099
[LGDC 2026-09-27T13:02:32.272Z] launch gambit foF2 2026.09.24T02:15
[LGDC 2026-09-27T13:02:32.289Z] result ok gambit foF2 2026.09.24T02:15
[LGDC 2026-09-27T13:02:36.103Z] gate-consult deny gambit foF2 2026.09.24T02:30 ms-since-last=8880
[LGDC 2026-09-27T13:02:48.081Z] launch gambit foF2 2026.09.24T02:30
[LGDC 2026-09-27T13:02:48.101Z] result ok gambit foF2 2026.09.24T02:30
[LGDC 2026-09-27T13:02:51.918Z] gate-consult deny gambit foF2 2026.09.24T02:45 ms-since-last=6491
[LGDC 2026-09-27T13:03:09.955Z] launch gambit foF2 2026.09.24T02:45
[LGDC 2026-09-27T13:03:09.972Z] result ok gambit foF2 2026.09.24T02:45
[LGDC 2026-09-27T13:03:13.864Z] gate-consult deny gambit foF2 2026.09.24T03:00 ms-since-last=12512
[LGDC 2026-09-27T13:03:25.665Z] launch gambit foF2 2026.09.24T03:00
[LGDC 2026-09-27T13:03:25.682Z] result ok gambit foF2 2026.09.24T03:00
[LGDC 2026-09-27T13:03:29.700Z] gate-consult deny gambit foF2 2026.09.24T03:15 ms-since-last=6437
[LGDC 2026-09-27T13:03:45.556Z] launch gambit foF2 2026.09.24T03:15
[LGDC 2026-09-27T13:03:45.576Z] result ok gambit foF2 2026.09.24T03:15
[LGDC 2026-09-27T13:03:49.376Z] gate-consult deny gambit foF2 2026.09.24T03:30 ms-since-last=10225
[LGDC 2026-09-27T13:04:01.783Z] launch gambit foF2 2026.09.24T03:30
[LGDC 2026-09-27T13:04:01.803Z] result ok gambit foF2 2026.09.24T03:30
[LGDC 2026-09-27T13:04:05.696Z] gate-consult deny gambit foF2 2026.09.24T03:45 ms-since-last=6888
[LGDC 2026-09-27T13:04:17.857Z] launch gambit foF2 2026.09.24T03:45
[LGDC 2026-09-27T13:04:17.879Z] result ok gambit foF2 2026.09.24T03:45
[LGDC 2026-09-27T13:04:21.771Z] gate-consult deny gambit foF2 2026.09.24T04:00 ms-since-last=6754
[LGDC 2026-09-27T13:04:35.131Z] launch gambit foF2 2026.09.24T04:00
[LGDC 2026-09-27T13:04:35.166Z] result ok gambit foF2 2026.09.24T04:00
[LGDC 2026-09-27T13:04:39.152Z] gate-consult deny gambit foF2 2026.09.24T04:15 ms-since-last=7870
[LGDC 2026-09-27T13:04:50.782Z] launch gambit foF2 2026.09.24T04:15
[LGDC 2026-09-27T13:04:50.812Z] result ok gambit foF2 2026.09.24T04:15
[LGDC 2026-09-27T13:04:54.723Z] gate-consult deny gambit foF2 2026.09.24T04:30 ms-since-last=6209
[LGDC 2026-09-27T13:05:06.672Z] launch gambit foF2 2026.09.24T04:30
[LGDC 2026-09-27T13:05:06.702Z] result ok gambit foF2 2026.09.24T04:30
[LGDC 2026-09-27T13:05:10.667Z] gate-consult deny gambit foF2 2026.09.24T04:45 ms-since-last=6488
[LGDC 2026-09-27T13:05:22.320Z] launch gambit foF2 2026.09.24T04:45
[LGDC 2026-09-27T13:05:22.337Z] result ok gambit foF2 2026.09.24T04:45
[LGDC 2026-09-27T13:05:26.258Z] gate-consult deny gambit foF2 2026.09.24T05:00 ms-since-last=6256
[LGDC 2026-09-27T13:05:37.913Z] launch gambit foF2 2026.09.24T05:00
[LGDC 2026-09-27T13:05:37.943Z] result ok gambit foF2 2026.09.24T05:00
[LGDC 2026-09-27T13:05:41.823Z] gate-consult deny gambit foF2 2026.09.24T05:15 ms-since-last=6073
[LGDC 2026-09-27T13:05:54.200Z] launch gambit foF2 2026.09.24T05:15
[LGDC 2026-09-27T13:05:54.220Z] result ok gambit foF2 2026.09.24T05:15
[LGDC 2026-09-27T13:05:58.112Z] gate-consult deny gambit foF2 2026.09.24T05:30 ms-since-last=6790
[LGDC 2026-09-27T13:06:09.759Z] launch gambit foF2 2026.09.24T05:30
[LGDC 2026-09-27T13:06:09.776Z] result ok gambit foF2 2026.09.24T05:30
[LGDC 2026-09-27T13:06:13.713Z] gate-consult deny gambit foF2 2026.09.24T05:45 ms-since-last=6240
[LGDC 2026-09-27T13:06:24.585Z] launch getbest EA036
[LGDC 2026-09-27T13:06:24.848Z] launch getbest CB53N
[LGDC 2026-09-27T13:06:25.098Z] launch getbest CAJ2M
[LGDC 2026-09-27T13:06:25.349Z] launch getbest FF051
[LGDC 2026-09-27T13:06:25.602Z] launch getbest GR13L
[LGDC 2026-09-27T13:06:25.855Z] launch getbest RM041
[LGDC 2026-09-27T13:06:26.108Z] launch getbest TR0P2
[LGDC 2026-09-27T13:06:27.700Z] launch gambit foF2 2026.09.24T05:45
[LGDC 2026-09-27T13:06:27.718Z] result ok gambit foF2 2026.09.24T05:45
[LGDC 2026-09-27T13:06:31.595Z] gate-consult deny gambit foF2 2026.09.24T06:00 ms-since-last=5487
[LGDC 2026-09-27T13:06:41.030Z] gate-consult deny gambit foF2 2026.09.24T06:00 ms-since-last=14922
[LGDC 2026-09-27T13:06:53.426Z] launch gambit foF2 2026.09.24T06:00
[LGDC 2026-09-27T13:06:53.443Z] result ok gambit foF2 2026.09.24T06:00
[LGDC 2026-09-27T13:06:57.306Z] gate-consult deny gambit foF2 2026.09.24T06:15 ms-since-last=6801
[LGDC 2026-09-27T13:07:10.437Z] launch gambit foF2 2026.09.24T06:15
[LGDC 2026-09-27T13:07:10.455Z] result ok gambit foF2 2026.09.24T06:15
[LGDC 2026-09-27T13:07:14.438Z] gate-consult deny gambit foF2 2026.09.24T06:30 ms-since-last=7697
[LGDC 2026-09-27T13:07:27.782Z] launch gambit foF2 2026.09.24T06:30
[LGDC 2026-09-27T13:07:27.800Z] result ok gambit foF2 2026.09.24T06:30
[LGDC 2026-09-27T13:07:31.640Z] gate-consult deny gambit foF2 2026.09.24T06:45 ms-since-last=7763
[LGDC 2026-09-27T13:07:43.893Z] launch gambit foF2 2026.09.24T06:45
[LGDC 2026-09-27T13:07:43.913Z] result ok gambit foF2 2026.09.24T06:45
[LGDC 2026-09-27T13:07:47.838Z] gate-consult deny gambit foF2 2026.09.24T07:00 ms-since-last=6718
[LGDC 2026-09-27T13:08:00.353Z] launch gambit foF2 2026.09.24T07:00
[LGDC 2026-09-27T13:08:00.389Z] result ok gambit foF2 2026.09.24T07:00
[LGDC 2026-09-27T13:08:04.334Z] gate-consult deny gambit foF2 2026.09.24T07:15 ms-since-last=7097
[LGDC 2026-09-27T13:08:16.610Z] launch gambit foF2 2026.09.24T07:15
[LGDC 2026-09-27T13:08:16.639Z] result ok gambit foF2 2026.09.24T07:15
[LGDC 2026-09-27T13:08:20.518Z] gate-consult deny gambit foF2 2026.09.24T07:30 ms-since-last=6712
[LGDC 2026-09-27T13:08:34.678Z] launch gambit foF2 2026.09.24T07:30
[LGDC 2026-09-27T13:08:34.697Z] result ok gambit foF2 2026.09.24T07:30
[LGDC 2026-09-27T13:08:38.658Z] gate-consult deny gambit foF2 2026.09.24T07:45 ms-since-last=8703
[LGDC 2026-09-27T13:08:52.433Z] launch gambit foF2 2026.09.24T07:45
[LGDC 2026-09-27T13:08:52.469Z] result ok gambit foF2 2026.09.24T07:45
[LGDC 2026-09-27T13:08:56.316Z] gate-consult deny gambit foF2 2026.09.24T08:00 ms-since-last=8140
[LGDC 2026-09-27T13:09:09.392Z] launch gambit foF2 2026.09.24T08:00
[LGDC 2026-09-27T13:09:09.409Z] result ok gambit foF2 2026.09.24T08:00
[LGDC 2026-09-27T13:09:13.307Z] gate-consult deny gambit foF2 2026.09.24T08:15 ms-since-last=7604
[GloTecAdapter] No se pudo obtener GeoJSON: curl: Timeout was reached
[LGDC 2026-09-27T13:09:27.643Z] launch gambit foF2 2026.09.24T08:15
[LGDC 2026-09-27T13:09:27.670Z] result ok gambit foF2 2026.09.24T08:15
[LGDC 2026-09-27T13:09:31.585Z] gate-consult deny gambit foF2 2026.09.24T08:30 ms-since-last=8849
[LGDC 2026-09-27T13:09:45.642Z] launch gambit foF2 2026.09.24T08:30
[LGDC 2026-09-27T13:09:45.671Z] result ok gambit foF2 2026.09.24T08:30
[LGDC 2026-09-27T13:09:49.561Z] gate-consult deny gambit foF2 2026.09.24T08:45 ms-since-last=8486
[LGDC 2026-09-27T13:10:02.575Z] launch gambit foF2 2026.09.24T08:45
[LGDC 2026-09-27T13:10:02.592Z] result ok gambit foF2 2026.09.24T08:45
[LGDC 2026-09-27T13:10:06.451Z] gate-consult deny gambit foF2 2026.09.24T09:00 ms-since-last=7462
[LGDC 2026-09-27T13:10:19.766Z] launch gambit foF2 2026.09.24T09:00
[LGDC 2026-09-27T13:10:19.779Z] result ok gambit foF2 2026.09.24T09:00
[LGDC 2026-09-27T13:10:23.716Z] gate-consult deny gambit foF2 2026.09.24T09:15 ms-since-last=7843
[LGDC 2026-09-27T13:10:35.343Z] launch gambit foF2 2026.09.24T09:15
[LGDC 2026-09-27T13:10:35.366Z] result ok gambit foF2 2026.09.24T09:15
[LGDC 2026-09-27T13:10:39.311Z] gate-consult deny gambit foF2 2026.09.24T09:30 ms-since-last=6143
[LGDC 2026-09-27T13:10:53.512Z] launch gambit foF2 2026.09.24T09:30
[LGDC 2026-09-27T13:10:53.539Z] result ok gambit foF2 2026.09.24T09:30
[LGDC 2026-09-27T13:10:57.444Z] gate-consult deny gambit foF2 2026.09.24T09:45 ms-since-last=8712
[LGDC 2026-09-27T13:11:09.072Z] launch gambit foF2 2026.09.24T09:45
[LGDC 2026-09-27T13:11:09.089Z] result ok gambit foF2 2026.09.24T09:45
[LGDC 2026-09-27T13:11:13.049Z] gate-consult deny gambit foF2 2026.09.24T10:00 ms-since-last=6115
[LGDC 2026-09-27T13:11:24.594Z] launch getbest EB040
[LGDC 2026-09-27T13:11:24.848Z] launch getbest KI167
[LGDC 2026-09-27T13:11:25.101Z] launch getbest PQ052
[LGDC 2026-09-27T13:11:25.248Z] launch gambit foF2 2026.09.24T10:00
[LGDC 2026-09-27T13:11:25.268Z] result ok gambit foF2 2026.09.24T10:00
[LGDC 2026-09-27T13:11:25.364Z] launch getbest JR055
[LGDC 2026-09-27T13:11:25.618Z] launch getbest GM037
[LGDC 2026-09-27T13:11:29.226Z] gate-consult deny gambit foF2 2026.09.24T10:15 ms-since-last=3608
[LGDC 2026-09-27T13:11:38.714Z] gate-consult deny gambit foF2 2026.09.24T10:15 ms-since-last=13096
[LGDC 2026-09-27T13:11:51.446Z] launch gambit foF2 2026.09.24T10:15
[LGDC 2026-09-27T13:11:51.467Z] result ok gambit foF2 2026.09.24T10:15
[LGDC 2026-09-27T13:11:55.395Z] gate-consult deny gambit foF2 2026.09.24T10:30 ms-since-last=7208
[LGDC 2026-09-27T13:12:16.409Z] launch gambit foF2 2026.09.24T10:30
[LGDC 2026-09-27T13:12:16.426Z] result ok gambit foF2 2026.09.24T10:30
[LGDC 2026-09-27T13:12:24.573Z] launch gambit foF2 2026.09.24T10:45
[LGDC 2026-09-27T13:12:24.596Z] result ok gambit foF2 2026.09.24T10:45
[LGDC 2026-09-27T13:12:28.570Z] gate-consult deny gambit foF2 2026.09.24T11:00 ms-since-last=8267
[LGDC 2026-09-27T13:12:41.727Z] launch gambit foF2 2026.09.24T11:00
[LGDC 2026-09-27T13:12:41.758Z] result ok gambit foF2 2026.09.24T11:00
[LGDC 2026-09-27T13:12:45.688Z] gate-consult deny gambit foF2 2026.09.24T11:15 ms-since-last=7593
[LGDC 2026-09-27T13:12:58.670Z] launch gambit foF2 2026.09.24T11:15
[LGDC 2026-09-27T13:12:58.688Z] result ok gambit foF2 2026.09.24T11:15
[LGDC 2026-09-27T13:13:02.876Z] gate-consult deny gambit foF2 2026.09.24T11:30 ms-since-last=7672
[LGDC 2026-09-27T13:13:14.663Z] launch gambit foF2 2026.09.24T11:30
[LGDC 2026-09-27T13:13:14.695Z] result ok gambit foF2 2026.09.24T11:30
[LGDC 2026-09-27T13:13:18.664Z] gate-consult deny gambit foF2 2026.09.24T11:45 ms-since-last=6228
[LGDC 2026-09-27T13:13:31.045Z] launch gambit foF2 2026.09.24T11:45
[LGDC 2026-09-27T13:13:31.063Z] result ok gambit foF2 2026.09.24T11:45
[LGDC 2026-09-27T13:13:34.975Z] gate-consult deny gambit foF2 2026.09.24T12:00 ms-since-last=6788
[LGDC 2026-09-27T13:13:46.667Z] launch gambit foF2 2026.09.24T12:00
[LGDC 2026-09-27T13:13:46.684Z] result ok gambit foF2 2026.09.24T12:00
[LGDC 2026-09-27T13:13:50.626Z] gate-consult deny gambit foF2 2026.09.24T12:15 ms-since-last=6152
[LGDC 2026-09-27T13:14:02.465Z] launch gambit foF2 2026.09.24T12:15
[LGDC 2026-09-27T13:14:02.488Z] result ok gambit foF2 2026.09.24T12:15
[LGDC 2026-09-27T13:14:06.468Z] gate-consult deny gambit foF2 2026.09.24T12:30 ms-since-last=6361
[LGDC 2026-09-27T13:14:19.282Z] launch gambit foF2 2026.09.24T12:30
[LGDC 2026-09-27T13:14:19.308Z] result ok gambit foF2 2026.09.24T12:30
[LGDC 2026-09-27T13:14:23.204Z] gate-consult deny gambit foF2 2026.09.24T12:45 ms-since-last=7262
[LGDC 2026-09-27T13:14:35.400Z] launch gambit foF2 2026.09.24T12:45
[LGDC 2026-09-27T13:14:35.413Z] result ok gambit foF2 2026.09.24T12:45
[LGDC 2026-09-27T13:14:39.399Z] gate-consult deny gambit foF2 2026.09.24T13:00 ms-since-last=6687
[LGDC 2026-09-27T13:14:51.506Z] launch gambit foF2 2026.09.24T13:00
[LGDC 2026-09-27T13:14:51.539Z] result ok gambit foF2 2026.09.24T13:00
[LGDC 2026-09-27T13:14:55.576Z] gate-consult deny gambit hmF2 2026.09.20T13:15 ms-since-last=6598
[LGDC 2026-09-27T13:15:07.306Z] launch gambit foF2 2026.09.24T13:15
[LGDC 2026-09-27T13:15:07.324Z] result ok gambit foF2 2026.09.24T13:15
[LGDC 2026-09-27T13:15:11.265Z] gate-consult deny gambit hmF2 2026.09.20T13:30 ms-since-last=6103
[LGDC 2026-09-27T13:15:22.982Z] launch gambit hmF2 2026.09.20T13:30
[LGDC 2026-09-27T13:15:23.000Z] result ok gambit hmF2 2026.09.20T13:30
[LGDC 2026-09-27T13:15:26.898Z] gate-consult deny gambit hmF2 2026.09.20T13:45 ms-since-last=6146
[LGDC 2026-09-27T13:15:38.839Z] launch gambit hmF2 2026.09.20T13:45
[LGDC 2026-09-27T13:15:38.856Z] result ok gambit hmF2 2026.09.20T13:45
[LGDC 2026-09-27T13:15:42.804Z] gate-consult deny gambit hmF2 2026.09.20T14:00 ms-since-last=6294
[LGDC 2026-09-27T13:15:54.479Z] launch gambit hmF2 2026.09.20T14:00
[LGDC 2026-09-27T13:15:54.507Z] result ok gambit hmF2 2026.09.20T14:00
[LGDC 2026-09-27T13:15:58.430Z] gate-consult deny gambit hmF2 2026.09.20T14:15 ms-since-last=6135
[LGDC 2026-09-27T13:16:19.108Z] launch gambit hmF2 2026.09.20T14:15
[LGDC 2026-09-27T13:16:19.128Z] result ok gambit hmF2 2026.09.20T14:15
[LGDC 2026-09-27T13:16:24.597Z] launch getbest EA036
[LGDC 2026-09-27T13:16:24.859Z] launch getbest VT139
[LGDC 2026-09-27T13:16:25.110Z] launch getbest AT138
[LGDC 2026-09-27T13:16:25.363Z] launch getbest KL154
[LGDC 2026-09-27T13:16:27.333Z] launch gambit hmF2 2026.09.20T14:30
[LGDC 2026-09-27T13:16:27.358Z] result ok gambit hmF2 2026.09.20T14:30
[LGDC 2026-09-27T13:16:29.225Z] launch getbest OL246
[LGDC 2026-09-27T13:16:29.485Z] launch getbest LD160
[LGDC 2026-09-27T13:16:29.789Z] launch getbest MZ152
[LGDC 2026-09-27T13:16:30.048Z] launch getbest RV149
[LGDC 2026-09-27T13:16:31.332Z] gate-consult deny gambit hmF2 2026.09.20T14:45 ms-since-last=1284
[LGDC 2026-09-27T13:16:32.003Z] launch getbest TR170
[LGDC 2026-09-27T13:16:32.677Z] launch getbest RL052
[LGDC 2026-09-27T13:16:32.940Z] launch getbest SO148
[LGDC 2026-09-27T13:16:33.777Z] launch getbest TR169
[LGDC 2026-09-27T13:16:34.597Z] launch getbest DB049
[LGDC 2026-09-27T13:16:34.847Z] launch getbest EG931
[LGDC 2026-09-27T13:16:35.098Z] launch getbest CS839
[LGDC 2026-09-27T13:16:35.362Z] launch getbest BC840
[LGDC 2026-09-27T13:16:36.570Z] launch getbest EI764
[LGDC 2026-09-27T13:16:36.826Z] launch getbest PF765
[LGDC 2026-09-27T13:16:37.080Z] launch getbest SMK29
[LGDC 2026-09-27T13:16:37.332Z] launch getbest BVJ03
[LGDC 2026-09-27T13:16:37.983Z] launch getbest DW41K
[LGDC 2026-09-27T13:16:38.245Z] launch getbest CB53N
[LGDC 2026-09-27T13:16:38.557Z] launch getbest NI135
[LGDC 2026-09-27T13:16:38.818Z] launch getbest TV51R
[LGDC 2026-09-27T13:16:40.834Z] gate-consult deny gambit hmF2 2026.09.20T14:45 ms-since-last=2016
[LGDC 2026-09-27T13:16:50.615Z] gate-consult deny gambit hmF2 2026.09.20T14:45 ms-since-last=11797
[LGDC 2026-09-27T13:17:04.065Z] launch gambit hmF2 2026.09.20T14:45
[LGDC 2026-09-27T13:17:04.079Z] result ok gambit hmF2 2026.09.20T14:45
[LGDC 2026-09-27T13:17:09.405Z] gate-consult deny gambit hmF2 2026.09.20T15:00 ms-since-last=7949
[LGDC 2026-09-27T13:17:21.453Z] launch gambit hmF2 2026.09.20T15:00
[LGDC 2026-09-27T13:17:21.484Z] result ok gambit hmF2 2026.09.20T15:00
[LGDC 2026-09-27T13:17:25.507Z] gate-consult deny gambit hmF2 2026.09.20T15:15 ms-since-last=6317
[LGDC 2026-09-27T13:17:37.236Z] launch gambit hmF2 2026.09.20T15:15
[LGDC 2026-09-27T13:17:37.265Z] result ok gambit hmF2 2026.09.20T15:15
[LGDC 2026-09-27T13:17:41.278Z] gate-consult deny gambit hmF2 2026.09.20T15:30 ms-since-last=6293
[LGDC 2026-09-27T13:17:53.086Z] launch gambit hmF2 2026.09.20T15:30
[LGDC 2026-09-27T13:17:53.106Z] result ok gambit hmF2 2026.09.20T15:30
[LGDC 2026-09-27T13:17:57.066Z] gate-consult deny gambit hmF2 2026.09.20T15:45 ms-since-last=6244
[LGDC 2026-09-27T13:18:08.872Z] launch gambit hmF2 2026.09.20T15:45
[LGDC 2026-09-27T13:18:08.888Z] result ok gambit hmF2 2026.09.20T15:45
[LGDC 2026-09-27T13:18:12.904Z] gate-consult deny gambit hmF2 2026.09.20T16:00 ms-since-last=6243
[LGDC 2026-09-27T13:18:25.194Z] launch gambit hmF2 2026.09.20T16:00
[LGDC 2026-09-27T13:18:25.218Z] result ok gambit hmF2 2026.09.20T16:00
[LGDC 2026-09-27T13:18:29.246Z] gate-consult deny gambit hmF2 2026.09.20T16:15 ms-since-last=6770
[LGDC 2026-09-27T13:18:41.135Z] launch gambit hmF2 2026.09.20T16:15
[LGDC 2026-09-27T13:18:41.152Z] result ok gambit hmF2 2026.09.20T16:15
[LGDC 2026-09-27T13:18:45.105Z] gate-consult deny gambit hmF2 2026.09.20T16:30 ms-since-last=6317
[LGDC 2026-09-27T13:18:57.357Z] launch gambit hmF2 2026.09.20T16:30
[LGDC 2026-09-27T13:18:57.379Z] result ok gambit hmF2 2026.09.20T16:30
[LGDC 2026-09-27T13:19:01.392Z] gate-consult deny gambit hmF2 2026.09.20T16:45 ms-since-last=6727
[LGDC 2026-09-27T13:19:13.169Z] launch gambit hmF2 2026.09.20T16:45
[LGDC 2026-09-27T13:19:13.199Z] result ok gambit hmF2 2026.09.20T16:45
[LGDC 2026-09-27T13:19:17.255Z] gate-consult deny gambit hmF2 2026.09.20T17:00 ms-since-last=6330
[LGDC 2026-09-27T13:19:29.023Z] launch gambit hmF2 2026.09.20T17:00
[LGDC 2026-09-27T13:19:29.041Z] result ok gambit hmF2 2026.09.20T17:00
[LGDC 2026-09-27T13:19:33.095Z] gate-consult deny gambit hmF2 2026.09.20T17:15 ms-since-last=6233
[LGDC 2026-09-27T13:19:44.970Z] launch gambit hmF2 2026.09.20T17:15
[LGDC 2026-09-27T13:19:44.987Z] result ok gambit hmF2 2026.09.20T17:15
[LGDC 2026-09-27T13:19:49.062Z] gate-consult deny gambit hmF2 2026.09.20T17:30 ms-since-last=6364
[LGDC 2026-09-27T13:20:00.862Z] launch gambit hmF2 2026.09.20T17:30
[LGDC 2026-09-27T13:20:00.890Z] result ok gambit hmF2 2026.09.20T17:30
[LGDC 2026-09-27T13:20:04.887Z] gate-consult deny gambit hmF2 2026.09.20T17:45 ms-since-last=6240
[LGDC 2026-09-27T13:20:16.629Z] launch gambit hmF2 2026.09.20T17:45
[LGDC 2026-09-27T13:20:16.660Z] result ok gambit hmF2 2026.09.20T17:45
[LGDC 2026-09-27T13:20:20.692Z] gate-consult deny gambit hmF2 2026.09.20T18:00 ms-since-last=6173
[LGDC 2026-09-27T13:20:32.721Z] launch gambit hmF2 2026.09.20T18:00
[LGDC 2026-09-27T13:20:32.737Z] result ok gambit hmF2 2026.09.20T18:00
[LGDC 2026-09-27T13:20:38.377Z] gate-consult deny gambit hmF2 2026.09.20T18:15 ms-since-last=7749
[LGDC 2026-09-27T13:20:51.596Z] launch gambit hmF2 2026.09.20T18:15
[LGDC 2026-09-27T13:20:51.611Z] result ok gambit hmF2 2026.09.20T18:15
[LGDC 2026-09-27T13:20:56.803Z] gate-consult deny gambit hmF2 2026.09.20T18:30 ms-since-last=7397
[LGDC 2026-09-27T13:21:08.920Z] launch gambit hmF2 2026.09.20T18:30
[LGDC 2026-09-27T13:21:08.937Z] result ok gambit hmF2 2026.09.20T18:30
[LGDC 2026-09-27T13:21:13.010Z] gate-consult deny gambit hmF2 2026.09.20T18:45 ms-since-last=6330
[LGDC 2026-09-27T13:21:24.603Z] launch getbest EB040
[LGDC 2026-09-27T13:21:24.853Z] launch getbest FF051
[LGDC 2026-09-27T13:21:25.105Z] launch getbest AC843
[LGDC 2026-09-27T13:21:25.234Z] launch gambit hmF2 2026.09.20T18:45
[LGDC 2026-09-27T13:21:25.250Z] result ok gambit hmF2 2026.09.20T18:45
[LGDC 2026-09-27T13:21:25.357Z] launch getbest TNJ20
[LGDC 2026-09-27T13:21:25.616Z] launch getbest AU930
[LGDC 2026-09-27T13:21:25.872Z] launch getbest CAJ2M
[LGDC 2026-09-27T13:21:26.130Z] launch getbest CXM9B
[LGDC 2026-09-27T13:21:26.384Z] launch getbest LA42Q
[LGDC 2026-09-27T13:21:26.637Z] launch getbest BLJ03
[LGDC 2026-09-27T13:21:26.888Z] launch getbest TO535
[LGDC 2026-09-27T13:21:27.140Z] launch getbest DH224
[LGDC 2026-09-27T13:21:27.396Z] launch getbest XI434
[LGDC 2026-09-27T13:21:27.648Z] launch getbest CS31K
[LGDC 2026-09-27T13:21:27.903Z] launch getbest IC437
[LGDC 2026-09-27T13:21:28.158Z] launch getbest MO155
[LGDC 2026-09-27T13:21:28.414Z] launch getbest MA155
[LGDC 2026-09-27T13:21:28.672Z] launch getbest GR13L
[LGDC 2026-09-27T13:21:28.928Z] launch getbest MU12K
[LGDC 2026-09-27T13:21:29.182Z] launch getbest ML10L
[LGDC 2026-09-27T13:21:29.421Z] gate-consult deny gambit hmF2 2026.09.20T19:00 ms-since-last=239
[LGDC 2026-09-27T13:21:29.444Z] launch getbest RM041
[LGDC 2026-09-27T13:21:29.692Z] launch getbest TR0P2
[LGDC 2026-09-27T13:21:29.945Z] launch getbest NDA81
[LGDC 2026-09-27T13:21:39.108Z] gate-consult deny gambit hmF2 2026.09.20T19:00 ms-since-last=9163
[LGDC 2026-09-27T13:21:52.072Z] launch gambit hmF2 2026.09.20T19:00
[LGDC 2026-09-27T13:21:52.099Z] result ok gambit hmF2 2026.09.20T19:00
[LGDC 2026-09-27T13:21:56.196Z] gate-consult deny gambit hmF2 2026.09.20T19:15 ms-since-last=7363
[LGDC 2026-09-27T13:22:08.173Z] launch gambit hmF2 2026.09.20T19:15
[LGDC 2026-09-27T13:22:08.192Z] result ok gambit hmF2 2026.09.20T19:15
[LGDC 2026-09-27T13:22:12.274Z] gate-consult deny gambit hmF2 2026.09.20T19:30 ms-since-last=6472
[LGDC 2026-09-27T13:22:24.300Z] launch gambit hmF2 2026.09.20T19:30
[LGDC 2026-09-27T13:22:24.337Z] result ok gambit hmF2 2026.09.20T19:30
[LGDC 2026-09-27T13:22:28.462Z] gate-consult deny gambit hmF2 2026.09.20T19:45 ms-since-last=6541
[LGDC 2026-09-27T13:22:41.220Z] launch gambit hmF2 2026.09.20T19:45
[LGDC 2026-09-27T13:22:41.239Z] result ok gambit hmF2 2026.09.20T19:45
[LGDC 2026-09-27T13:22:45.367Z] gate-consult deny gambit hmF2 2026.09.20T20:00 ms-since-last=7265
[LGDC 2026-09-27T13:22:57.133Z] launch gambit hmF2 2026.09.20T20:00
[LGDC 2026-09-27T13:22:57.155Z] result ok gambit hmF2 2026.09.20T20:00
[LGDC 2026-09-27T13:23:01.258Z] gate-consult deny gambit hmF2 2026.09.20T20:15 ms-since-last=6297
[LGDC 2026-09-27T13:23:13.145Z] launch gambit hmF2 2026.09.20T20:15
[LGDC 2026-09-27T13:23:13.163Z] result ok gambit hmF2 2026.09.20T20:15
[LGDC 2026-09-27T13:23:17.300Z] gate-consult deny gambit hmF2 2026.09.20T20:30 ms-since-last=6380
[LGDC 2026-09-27T13:23:29.326Z] launch gambit hmF2 2026.09.20T20:30
[LGDC 2026-09-27T13:23:29.347Z] result ok gambit hmF2 2026.09.20T20:30
[LGDC 2026-09-27T13:23:33.467Z] gate-consult deny gambit hmF2 2026.09.20T20:45 ms-since-last=6399
[LGDC 2026-09-27T13:23:45.421Z] launch gambit hmF2 2026.09.20T20:45
[LGDC 2026-09-27T13:23:45.444Z] result ok gambit hmF2 2026.09.20T20:45
[LGDC 2026-09-27T13:23:49.611Z] gate-consult deny gambit hmF2 2026.09.20T21:00 ms-since-last=6481
[LGDC 2026-09-27T13:24:01.794Z] launch gambit hmF2 2026.09.20T21:00
[LGDC 2026-09-27T13:24:01.809Z] result ok gambit hmF2 2026.09.20T21:00
[LGDC 2026-09-27T13:24:05.952Z] gate-consult deny gambit hmF2 2026.09.20T21:15 ms-since-last=6570
[LGDC 2026-09-27T13:24:17.779Z] launch gambit hmF2 2026.09.20T21:15
[LGDC 2026-09-27T13:24:17.805Z] result ok gambit hmF2 2026.09.20T21:15
[LGDC 2026-09-27T13:24:22.153Z] gate-consult deny gambit hmF2 2026.09.20T21:30 ms-since-last=6608
[LGDC 2026-09-27T13:24:34.304Z] launch gambit hmF2 2026.09.20T21:30
[LGDC 2026-09-27T13:24:34.331Z] result ok gambit hmF2 2026.09.20T21:30
[LGDC 2026-09-27T13:24:38.626Z] gate-consult deny gambit hmF2 2026.09.20T21:45 ms-since-last=6561
[LGDC 2026-09-27T13:24:51.043Z] launch gambit hmF2 2026.09.20T21:45
[LGDC 2026-09-27T13:24:51.060Z] result ok gambit hmF2 2026.09.20T21:45
[LGDC 2026-09-27T13:24:55.371Z] gate-consult deny gambit hmF2 2026.09.20T22:00 ms-since-last=6932
[LGDC 2026-09-27T13:25:07.573Z] launch gambit hmF2 2026.09.20T22:00
[LGDC 2026-09-27T13:25:07.594Z] result ok gambit hmF2 2026.09.20T22:00
[LGDC 2026-09-27T13:25:11.877Z] gate-consult deny gambit hmF2 2026.09.20T22:15 ms-since-last=6588
[LGDC 2026-09-27T13:25:24.123Z] launch gambit hmF2 2026.09.20T22:15
[LGDC 2026-09-27T13:25:24.141Z] result ok gambit hmF2 2026.09.20T22:15
[LGDC 2026-09-27T13:25:28.420Z] gate-consult deny gambit hmF2 2026.09.20T22:30 ms-since-last=6760
[LGDC 2026-09-27T13:25:40.437Z] launch gambit hmF2 2026.09.20T22:30
[LGDC 2026-09-27T13:25:40.453Z] result ok gambit hmF2 2026.09.20T22:30
[LGDC 2026-09-27T13:25:44.719Z] gate-consult deny gambit hmF2 2026.09.20T22:45 ms-since-last=6586
[LGDC 2026-09-27T13:25:56.790Z] launch gambit hmF2 2026.09.20T22:45
[LGDC 2026-09-27T13:25:56.818Z] result ok gambit hmF2 2026.09.20T22:45
[LGDC 2026-09-27T13:26:01.121Z] gate-consult deny gambit hmF2 2026.09.20T23:00 ms-since-last=6571
[LGDC 2026-09-27T13:26:13.203Z] launch gambit hmF2 2026.09.20T23:00
[LGDC 2026-09-27T13:26:13.229Z] result ok gambit hmF2 2026.09.20T23:00
[LGDC 2026-09-27T13:26:17.485Z] gate-consult deny gambit hmF2 2026.09.20T23:15 ms-since-last=6483
[LGDC 2026-09-27T13:26:24.606Z] launch getbest EA036
[LGDC 2026-09-27T13:26:24.859Z] launch getbest JR055
[LGDC 2026-09-27T13:26:25.112Z] launch getbest PQ052
[LGDC 2026-09-27T13:26:25.362Z] launch getbest GM037
[LGDC 2026-09-27T13:26:25.627Z] launch getbest VT139
[LGDC 2026-09-27T13:26:27.299Z] gate-consult deny gambit hmF2 2026.09.20T23:15 ms-since-last=1672
[LGDC 2026-09-27T13:26:37.059Z] gate-consult deny gambit hmF2 2026.09.20T23:15 ms-since-last=11432
[LGDC 2026-09-27T13:26:49.232Z] launch gambit hmF2 2026.09.20T23:15
[LGDC 2026-09-27T13:26:49.250Z] result ok gambit hmF2 2026.09.20T23:15
[LGDC 2026-09-27T13:26:53.612Z] gate-consult deny gambit hmF2 2026.09.20T23:30 ms-since-last=6749
[LGDC 2026-09-27T13:27:06.230Z] launch gambit hmF2 2026.09.20T23:30
[LGDC 2026-09-27T13:27:06.265Z] result ok gambit hmF2 2026.09.20T23:30
[LGDC 2026-09-27T13:27:10.549Z] gate-consult deny gambit hmF2 2026.09.20T23:45 ms-since-last=6664
[LGDC 2026-09-27T13:27:22.593Z] launch gambit hmF2 2026.09.20T23:45
[LGDC 2026-09-27T13:27:22.612Z] result ok gambit hmF2 2026.09.20T23:45
[LGDC 2026-09-27T13:27:26.913Z] gate-consult deny gambit hmF2 2026.09.21T00:00 ms-since-last=6506
[LGDC 2026-09-27T13:27:38.985Z] launch gambit hmF2 2026.09.21T00:00
[LGDC 2026-09-27T13:27:39.002Z] result ok gambit hmF2 2026.09.21T00:00
[LGDC 2026-09-27T13:27:43.328Z] gate-consult deny gambit hmF2 2026.09.21T00:15 ms-since-last=6621
[LGDC 2026-09-27T13:27:55.505Z] launch gambit hmF2 2026.09.21T00:15
[LGDC 2026-09-27T13:27:55.535Z] result ok gambit hmF2 2026.09.21T00:15
[LGDC 2026-09-27T13:27:59.825Z] gate-consult deny gambit hmF2 2026.09.21T00:30 ms-since-last=6574
[LGDC 2026-09-27T13:28:12.124Z] launch gambit hmF2 2026.09.21T00:30
[LGDC 2026-09-27T13:28:12.148Z] result ok gambit hmF2 2026.09.21T00:30
[LGDC 2026-09-27T13:28:16.456Z] gate-consult deny gambit hmF2 2026.09.21T00:45 ms-since-last=6822
[LGDC 2026-09-27T13:28:31.663Z] launch gambit hmF2 2026.09.21T00:45
[LGDC 2026-09-27T13:28:31.686Z] result ok gambit hmF2 2026.09.21T00:45
[LGDC 2026-09-27T13:28:36.450Z] gate-consult deny gambit hmF2 2026.09.21T01:00 ms-since-last=9190
[LGDC 2026-09-27T13:28:52.126Z] launch gambit hmF2 2026.09.21T01:00
[LGDC 2026-09-27T13:28:52.247Z] result ok gambit hmF2 2026.09.21T01:00
[LGDC 2026-09-27T13:29:02.343Z] gate-consult deny gambit hmF2 2026.09.21T01:15 ms-since-last=13461
[LGDC 2026-09-27T13:29:17.002Z] launch gambit hmF2 2026.09.21T01:15
[LGDC 2026-09-27T13:29:17.023Z] result ok gambit hmF2 2026.09.21T01:15
[LGDC 2026-09-27T13:29:21.489Z] gate-consult deny gambit hmF2 2026.09.21T01:30 ms-since-last=7299
[LGDC 2026-09-27T13:29:34.709Z] launch gambit hmF2 2026.09.21T01:30
[LGDC 2026-09-27T13:29:34.727Z] result ok gambit hmF2 2026.09.21T01:30
[LGDC 2026-09-27T13:29:39.927Z] gate-consult deny gambit hmF2 2026.09.21T01:45 ms-since-last=7885
[LGDC 2026-09-27T13:29:56.848Z] launch gambit hmF2 2026.09.21T01:45
[LGDC 2026-09-27T13:29:56.872Z] result ok gambit hmF2 2026.09.21T01:45
[LGDC 2026-09-27T13:30:02.063Z] gate-consult deny gambit foF2 2026.09.24T13:30 ms-since-last=10509
[LGDC 2026-09-27T13:30:30.581Z] launch gambit foF2 2026.09.24T13:30
[LGDC 2026-09-27T13:30:30.609Z] result ok gambit foF2 2026.09.24T13:30
[LGDC 2026-09-27T13:30:39.952Z] launch gambit hmF2 2026.09.21T02:00
[LGDC 2026-09-27T13:30:39.988Z] result ok gambit hmF2 2026.09.21T02:00
[LGDC 2026-09-27T13:30:47.234Z] gate-consult deny gambit hmF2 2026.09.21T02:15 ms-since-last=10795
[LGDC 2026-09-27T13:31:03.337Z] launch gambit hmF2 2026.09.21T02:15
[LGDC 2026-09-27T13:31:03.358Z] result ok gambit hmF2 2026.09.21T02:15
[LGDC 2026-09-27T13:31:08.349Z] gate-consult deny gambit hmF2 2026.09.21T02:30 ms-since-last=10006
[LGDC 2026-09-27T13:31:24.625Z] launch getbest EB040
[LGDC 2026-09-27T13:31:24.875Z] launch getbest AT138
[LGDC 2026-09-27T13:31:25.127Z] launch getbest MZ152
[LGDC 2026-09-27T13:31:25.381Z] launch getbest FF051
[LGDC 2026-09-27T13:31:26.415Z] launch gambit hmF2 2026.09.21T02:30
[LGDC 2026-09-27T13:31:26.435Z] result ok gambit hmF2 2026.09.21T02:30
[LGDC 2026-09-27T13:31:27.694Z] launch getbest SO148
[LGDC 2026-09-27T13:31:27.994Z] launch getbest DB049
[LGDC 2026-09-27T13:31:28.222Z] launch getbest TR169
[LGDC 2026-09-27T13:31:28.474Z] launch getbest EG931
[LGDC 2026-09-27T13:31:29.409Z] launch getbest BVJ03
[LGDC 2026-09-27T13:31:29.671Z] launch getbest CB53N
[LGDC 2026-09-27T13:31:29.922Z] launch getbest NI135
[LGDC 2026-09-27T13:31:30.173Z] launch getbest DW41K
[LGDC 2026-09-27T13:31:30.427Z] launch getbest TV51R
[LGDC 2026-09-27T13:31:35.298Z] gate-consult deny gambit hmF2 2026.09.21T02:45 ms-since-last=4871
[LGDC 2026-09-27T13:31:49.621Z] launch gambit hmF2 2026.09.21T02:45
[LGDC 2026-09-27T13:31:49.638Z] result ok gambit hmF2 2026.09.21T02:45
[LGDC 2026-09-27T13:31:55.329Z] gate-consult deny gambit hmF2 2026.09.21T03:00 ms-since-last=8053
[LGDC 2026-09-27T13:32:14.410Z] launch gambit hmF2 2026.09.21T03:00
[LGDC 2026-09-27T13:32:14.430Z] result ok gambit hmF2 2026.09.21T03:00
[LGDC 2026-09-27T13:32:20.340Z] gate-consult deny gambit hmF2 2026.09.21T03:15 ms-since-last=10846
[LGDC 2026-09-27T13:32:34.660Z] launch gambit hmF2 2026.09.21T03:15
[LGDC 2026-09-27T13:32:34.859Z] result ok gambit hmF2 2026.09.21T03:15
[LGDC 2026-09-27T13:32:44.089Z] gate-consult deny gambit hmF2 2026.09.21T03:30 ms-since-last=11961
[LGDC 2026-09-27T13:32:59.822Z] launch gambit hmF2 2026.09.21T03:30
[LGDC 2026-09-27T13:32:59.841Z] result ok gambit hmF2 2026.09.21T03:30
[LGDC 2026-09-27T13:33:07.518Z] gate-consult deny gambit hmF2 2026.09.21T03:45 ms-since-last=10024
[LGDC 2026-09-27T13:33:21.744Z] launch gambit hmF2 2026.09.21T03:45
[LGDC 2026-09-27T13:33:21.772Z] result ok gambit hmF2 2026.09.21T03:45
[LGDC 2026-09-27T13:33:28.300Z] gate-consult deny gambit hmF2 2026.09.21T04:00 ms-since-last=8831
[LGDC 2026-09-27T13:33:44.519Z] launch gambit hmF2 2026.09.21T04:00
[LGDC 2026-09-27T13:33:44.543Z] result ok gambit hmF2 2026.09.21T04:00
[LGDC 2026-09-27T13:33:50.964Z] gate-consult deny gambit hmF2 2026.09.21T04:15 ms-since-last=9117
[LGDC 2026-09-27T13:34:05.336Z] launch gambit hmF2 2026.09.21T04:15
[LGDC 2026-09-27T13:34:05.351Z] result ok gambit hmF2 2026.09.21T04:15
[LGDC 2026-09-27T13:34:13.846Z] gate-consult deny gambit hmF2 2026.09.21T04:30 ms-since-last=10652
[LGDC 2026-09-27T13:34:27.988Z] launch gambit hmF2 2026.09.21T04:30
[LGDC 2026-09-27T13:34:28.003Z] result ok gambit hmF2 2026.09.21T04:30
[LGDC 2026-09-27T13:34:34.262Z] gate-consult deny gambit hmF2 2026.09.21T04:45 ms-since-last=8522
[LGDC 2026-09-27T13:34:48.262Z] launch gambit hmF2 2026.09.21T04:45
[LGDC 2026-09-27T13:34:48.277Z] result ok gambit hmF2 2026.09.21T04:45
[LGDC 2026-09-27T13:34:54.674Z] gate-consult deny gambit hmF2 2026.09.21T05:00 ms-since-last=8603
[LGDC 2026-09-27T13:35:08.852Z] launch gambit hmF2 2026.09.21T05:00
[LGDC 2026-09-27T13:35:08.866Z] result ok gambit hmF2 2026.09.21T05:00
[LGDC 2026-09-27T13:35:15.067Z] gate-consult deny gambit hmF2 2026.09.21T05:15 ms-since-last=8599
[LGDC 2026-09-27T13:35:28.815Z] launch gambit hmF2 2026.09.21T05:15
[LGDC 2026-09-27T13:35:28.827Z] result ok gambit hmF2 2026.09.21T05:15
[LGDC 2026-09-27T13:35:35.522Z] gate-consult deny gambit hmF2 2026.09.21T05:30 ms-since-last=8759
[LGDC 2026-09-27T13:35:49.800Z] launch gambit hmF2 2026.09.21T05:30
[LGDC 2026-09-27T13:35:49.815Z] result ok gambit hmF2 2026.09.21T05:30
[LGDC 2026-09-27T13:35:56.156Z] gate-consult deny gambit hmF2 2026.09.21T05:45 ms-since-last=8654
[LGDC 2026-09-27T13:36:10.231Z] launch gambit hmF2 2026.09.21T05:45
[LGDC 2026-09-27T13:36:10.250Z] result ok gambit hmF2 2026.09.21T05:45
[LGDC 2026-09-27T13:36:16.599Z] gate-consult deny gambit hmF2 2026.09.21T06:00 ms-since-last=8558
[LGDC 2026-09-27T13:36:24.643Z] launch getbest EA036
[LGDC 2026-09-27T13:36:24.893Z] launch getbest GR13L
[LGDC 2026-09-27T13:36:25.146Z] launch getbest CAJ2M
[LGDC 2026-09-27T13:36:25.402Z] launch getbest JR055
[LGDC 2026-09-27T13:36:25.655Z] launch getbest TR0P2
[LGDC 2026-09-27T13:36:25.908Z] launch getbest RM041
[LGDC 2026-09-27T13:36:28.405Z] gate-consult deny gambit hmF2 2026.09.21T06:00 ms-since-last=2497
[LGDC 2026-09-27T13:36:40.160Z] gate-consult deny gambit hmF2 2026.09.21T06:00 ms-since-last=14252
[LGDC 2026-09-27T13:36:54.363Z] launch gambit hmF2 2026.09.21T06:00
[LGDC 2026-09-27T13:36:54.378Z] result ok gambit hmF2 2026.09.21T06:00
[LGDC 2026-09-27T13:37:00.587Z] gate-consult deny gambit hmF2 2026.09.21T06:15 ms-since-last=8568
[LGDC 2026-09-27T13:37:16.557Z] launch gambit hmF2 2026.09.21T06:15
[LGDC 2026-09-27T13:37:16.571Z] result ok gambit hmF2 2026.09.21T06:15
[LGDC 2026-09-27T13:37:22.872Z] gate-consult deny gambit hmF2 2026.09.21T06:30 ms-since-last=10384
[LGDC 2026-09-27T13:37:36.850Z] launch gambit hmF2 2026.09.21T06:30
[LGDC 2026-09-27T13:37:36.863Z] result ok gambit hmF2 2026.09.21T06:30
[LGDC 2026-09-27T13:37:43.141Z] gate-consult deny gambit hmF2 2026.09.21T06:45 ms-since-last=8370
[LGDC 2026-09-27T13:37:57.192Z] launch gambit hmF2 2026.09.21T06:45
[LGDC 2026-09-27T13:37:57.206Z] result ok gambit hmF2 2026.09.21T06:45
[LGDC 2026-09-27T13:38:03.514Z] gate-consult deny gambit hmF2 2026.09.21T07:00 ms-since-last=8515
[LGDC 2026-09-27T13:38:18.130Z] launch gambit hmF2 2026.09.21T07:00
[LGDC 2026-09-27T13:38:18.150Z] result ok gambit hmF2 2026.09.21T07:00
[LGDC 2026-09-27T13:38:27.738Z] gate-consult deny gambit hmF2 2026.09.21T07:15 ms-since-last=11841
[LGDC 2026-09-27T13:38:44.281Z] launch gambit hmF2 2026.09.21T07:15
[LGDC 2026-09-27T13:38:44.301Z] result ok gambit hmF2 2026.09.21T07:15
[LGDC 2026-09-27T13:38:51.451Z] gate-consult deny gambit hmF2 2026.09.21T07:30 ms-since-last=9396
[LGDC 2026-09-27T13:39:05.809Z] launch gambit hmF2 2026.09.21T07:30
[LGDC 2026-09-27T13:39:05.827Z] result ok gambit hmF2 2026.09.21T07:30
[LGDC 2026-09-27T13:39:12.607Z] gate-consult deny gambit hmF2 2026.09.21T07:45 ms-since-last=9269
[LGDC 2026-09-27T13:39:26.762Z] launch gambit hmF2 2026.09.21T07:45
[LGDC 2026-09-27T13:39:26.776Z] result ok gambit hmF2 2026.09.21T07:45
[LGDC 2026-09-27T13:39:33.063Z] gate-consult deny gambit hmF2 2026.09.21T08:00 ms-since-last=8518
[LGDC 2026-09-27T13:39:47.206Z] launch gambit hmF2 2026.09.21T08:00
[LGDC 2026-09-27T13:39:47.221Z] result ok gambit hmF2 2026.09.21T08:00
[LGDC 2026-09-27T13:39:53.566Z] gate-consult deny gambit hmF2 2026.09.21T08:15 ms-since-last=8625
[LGDC 2026-09-27T13:40:07.721Z] launch gambit hmF2 2026.09.21T08:15
[LGDC 2026-09-27T13:40:07.734Z] result ok gambit hmF2 2026.09.21T08:15
[LGDC 2026-09-27T13:40:14.217Z] gate-consult deny gambit hmF2 2026.09.21T08:30 ms-since-last=8785
[LGDC 2026-09-27T13:40:28.556Z] launch gambit hmF2 2026.09.21T08:30
[LGDC 2026-09-27T13:40:28.572Z] result ok gambit hmF2 2026.09.21T08:30
[LGDC 2026-09-27T13:40:34.970Z] gate-consult deny gambit hmF2 2026.09.21T08:45 ms-since-last=8718
[LGDC 2026-09-27T13:40:49.174Z] launch gambit hmF2 2026.09.21T08:45
[LGDC 2026-09-27T13:40:49.189Z] result ok gambit hmF2 2026.09.21T08:45
[LGDC 2026-09-27T13:40:55.509Z] gate-consult deny gambit hmF2 2026.09.21T09:00 ms-since-last=8651
[LGDC 2026-09-27T13:41:09.592Z] launch gambit hmF2 2026.09.21T09:00
[LGDC 2026-09-27T13:41:09.610Z] result ok gambit hmF2 2026.09.21T09:00
[LGDC 2026-09-27T13:41:15.910Z] gate-consult deny gambit hmF2 2026.09.21T09:15 ms-since-last=8528
[LGDC 2026-09-27T13:41:24.673Z] launch getbest EB040
[LGDC 2026-09-27T13:41:24.938Z] launch getbest PQ052
[LGDC 2026-09-27T13:41:25.188Z] launch getbest KI167
[LGDC 2026-09-27T13:41:25.439Z] launch getbest AT138
[LGDC 2026-09-27T13:41:25.695Z] launch getbest GM037
[LGDC 2026-09-27T13:41:25.947Z] launch getbest VT139
[LGDC 2026-09-27T13:41:27.807Z] gate-consult deny gambit hmF2 2026.09.21T09:15 ms-since-last=1860
[LGDC 2026-09-27T13:41:39.651Z] gate-consult deny gambit hmF2 2026.09.21T09:15 ms-since-last=13704
[LGDC 2026-09-27T13:41:53.656Z] launch gambit hmF2 2026.09.21T09:15
[LGDC 2026-09-27T13:41:53.671Z] result ok gambit hmF2 2026.09.21T09:15
[LGDC 2026-09-27T13:42:00.354Z] gate-consult deny gambit hmF2 2026.09.21T09:30 ms-since-last=8772
[LGDC 2026-09-27T13:42:14.606Z] launch gambit hmF2 2026.09.21T09:30
[LGDC 2026-09-27T13:42:14.621Z] result ok gambit hmF2 2026.09.21T09:30
[LGDC 2026-09-27T13:42:21.031Z] gate-consult deny gambit hmF2 2026.09.21T09:45 ms-since-last=8632
[LGDC 2026-09-27T13:42:35.095Z] launch gambit hmF2 2026.09.21T09:45
[LGDC 2026-09-27T13:42:35.109Z] result ok gambit hmF2 2026.09.21T09:45
[LGDC 2026-09-27T13:42:41.403Z] gate-consult deny gambit hmF2 2026.09.21T10:00 ms-since-last=8487
[LGDC 2026-09-27T13:42:56.332Z] launch gambit hmF2 2026.09.21T10:00
[LGDC 2026-09-27T13:42:56.346Z] result ok gambit hmF2 2026.09.21T10:00
[LGDC 2026-09-27T13:43:03.826Z] gate-consult deny gambit hmF2 2026.09.21T10:15 ms-since-last=9757
[LGDC 2026-09-27T13:43:19.437Z] launch gambit hmF2 2026.09.21T10:15
[LGDC 2026-09-27T13:43:19.455Z] result ok gambit hmF2 2026.09.21T10:15
[LGDC 2026-09-27T13:43:26.137Z] gate-consult deny gambit hmF2 2026.09.21T10:30 ms-since-last=8967
[LGDC 2026-09-27T13:43:41.228Z] launch gambit hmF2 2026.09.21T10:30
[LGDC 2026-09-27T13:43:41.247Z] result ok gambit hmF2 2026.09.21T10:30
[LGDC 2026-09-27T13:43:48.067Z] gate-consult deny gambit hmF2 2026.09.21T10:45 ms-since-last=9345
[LGDC 2026-09-27T13:44:02.536Z] launch gambit hmF2 2026.09.21T10:45
[GloTecAdapter] Error: indice GloTEC vacio
[LGDC 2026-09-27T13:44:02.713Z] result ok gambit hmF2 2026.09.21T10:45
[LGDC 2026-09-27T13:44:09.720Z] gate-consult deny gambit hmF2 2026.09.21T11:00 ms-since-last=9417
[LGDC 2026-09-27T13:44:24.271Z] launch gambit hmF2 2026.09.21T11:00
[LGDC 2026-09-27T13:44:24.289Z] result ok gambit hmF2 2026.09.21T11:00
[LGDC 2026-09-27T13:44:31.803Z] gate-consult deny gambit hmF2 2026.09.21T11:15 ms-since-last=9837
[LGDC 2026-09-27T13:44:47.594Z] launch gambit hmF2 2026.09.21T11:15
[LGDC 2026-09-27T13:44:47.609Z] result ok gambit hmF2 2026.09.21T11:15
[LGDC 2026-09-27T13:44:54.924Z] gate-consult deny gambit hmF2 2026.09.21T11:30 ms-since-last=9534
[LGDC 2026-09-27T13:45:09.331Z] launch gambit foF2 2026.09.24T13:45
[LGDC 2026-09-27T13:45:09.346Z] result ok gambit foF2 2026.09.24T13:45
[LGDC 2026-09-27T13:45:15.912Z] gate-consult deny gambit hmF2 2026.09.21T11:30 ms-since-last=8786
[LGDC 2026-09-27T13:45:30.249Z] launch gambit hmF2 2026.09.21T11:30
[LGDC 2026-09-27T13:45:30.264Z] result ok gambit hmF2 2026.09.21T11:30
[LGDC 2026-09-27T13:45:36.616Z] gate-consult deny gambit hmF2 2026.09.21T11:45 ms-since-last=8634
[LGDC 2026-09-27T13:45:52.715Z] launch gambit hmF2 2026.09.21T11:45
[LGDC 2026-09-27T13:45:52.732Z] result ok gambit hmF2 2026.09.21T11:45
[LGDC 2026-09-27T13:46:02.644Z] gate-consult deny gambit hmF2 2026.09.21T12:00 ms-since-last=13560
[LGDC 2026-09-27T13:46:21.887Z] launch gambit hmF2 2026.09.21T12:00
[LGDC 2026-09-27T13:46:21.906Z] result ok gambit hmF2 2026.09.21T12:00
[LGDC 2026-09-27T13:46:24.679Z] launch getbest EA036
[LGDC 2026-09-27T13:46:24.931Z] launch getbest MZ152
[LGDC 2026-09-27T13:46:25.185Z] launch getbest FF051
[LGDC 2026-09-27T13:46:25.443Z] launch getbest SO148
[LGDC 2026-09-27T13:46:26.796Z] launch getbest TR169
[LGDC 2026-09-27T13:46:27.055Z] launch getbest BVJ03
[LGDC 2026-09-27T13:46:27.306Z] launch getbest EG931
[LGDC 2026-09-27T13:46:27.560Z] launch getbest DB049
[LGDC 2026-09-27T13:46:27.814Z] launch getbest CB53N
[LGDC 2026-09-27T13:46:28.066Z] launch getbest NI135
[LGDC 2026-09-27T13:46:28.319Z] launch getbest DW41K
[LGDC 2026-09-27T13:46:28.575Z] launch getbest TV51R
[LGDC 2026-09-27T13:46:28.831Z] launch getbest GR13L
[LGDC 2026-09-27T13:46:30.386Z] gate-consult deny gambit hmF2 2026.09.21T12:15 ms-since-last=1555
[LGDC 2026-09-27T13:46:42.492Z] gate-consult deny gambit hmF2 2026.09.21T12:15 ms-since-last=13661
[LGDC 2026-09-27T13:46:56.793Z] launch gambit hmF2 2026.09.21T12:15
[LGDC 2026-09-27T13:46:56.809Z] result ok gambit hmF2 2026.09.21T12:15
[LGDC 2026-09-27T13:47:03.411Z] gate-consult deny gambit hmF2 2026.09.21T12:30 ms-since-last=8895
[LGDC 2026-09-27T13:47:21.020Z] launch gambit hmF2 2026.09.21T12:30
[LGDC 2026-09-27T13:47:21.036Z] result ok gambit hmF2 2026.09.21T12:30
[LGDC 2026-09-27T13:47:27.825Z] gate-consult deny gambit hmF2 2026.09.21T12:45 ms-since-last=9083
[LGDC 2026-09-27T13:47:43.152Z] launch gambit hmF2 2026.09.21T12:45
[LGDC 2026-09-27T13:47:43.168Z] result ok gambit hmF2 2026.09.21T12:45
[LGDC 2026-09-27T13:47:50.711Z] gate-consult deny gambit hmF2 2026.09.21T13:00 ms-since-last=10078
[LGDC 2026-09-27T13:48:05.154Z] launch gambit hmF2 2026.09.21T13:00
[LGDC 2026-09-27T13:48:05.170Z] result ok gambit hmF2 2026.09.21T13:00
[LGDC 2026-09-27T13:48:11.792Z] gate-consult deny gambit hmF2 2026.09.21T13:15 ms-since-last=8856
[LGDC 2026-09-27T13:48:26.128Z] launch gambit hmF2 2026.09.21T13:15
[LGDC 2026-09-27T13:48:26.142Z] result ok gambit hmF2 2026.09.21T13:15
[LGDC 2026-09-27T13:48:33.055Z] gate-consult deny gambit hmF2 2026.09.21T13:30 ms-since-last=9123
[LGDC 2026-09-27T13:48:48.141Z] launch gambit hmF2 2026.09.21T13:30
[LGDC 2026-09-27T13:48:48.156Z] result ok gambit hmF2 2026.09.21T13:30
[LGDC 2026-09-27T13:48:52.527Z] gate-consult deny gambit hmF2 2026.09.21T13:45 ms-since-last=7278
[LGDC 2026-09-27T13:49:05.111Z] launch gambit hmF2 2026.09.21T13:45
[LGDC 2026-09-27T13:49:05.139Z] result ok gambit hmF2 2026.09.21T13:45
[LGDC 2026-09-27T13:49:11.395Z] gate-consult deny gambit hmF2 2026.09.21T14:00 ms-since-last=8903
[LGDC 2026-09-27T13:49:24.485Z] launch gambit hmF2 2026.09.21T14:00
[LGDC 2026-09-27T13:49:24.505Z] result ok gambit hmF2 2026.09.21T14:00
[LGDC 2026-09-27T13:49:29.122Z] gate-consult deny gambit hmF2 2026.09.21T14:15 ms-since-last=6972
[LGDC 2026-09-27T13:49:41.895Z] launch gambit hmF2 2026.09.21T14:15
[LGDC 2026-09-27T13:49:41.922Z] result ok gambit hmF2 2026.09.21T14:15
[LGDC 2026-09-27T13:49:46.828Z] gate-consult deny gambit hmF2 2026.09.21T14:30 ms-since-last=7297
[LGDC 2026-09-27T13:49:59.941Z] launch gambit hmF2 2026.09.21T14:30
[LGDC 2026-09-27T13:49:59.967Z] result ok gambit hmF2 2026.09.21T14:30
[LGDC 2026-09-27T13:50:04.675Z] gate-consult deny gambit hmF2 2026.09.21T14:45 ms-since-last=7037
[LGDC 2026-09-27T13:50:17.700Z] launch gambit hmF2 2026.09.21T14:45
[LGDC 2026-09-27T13:50:17.720Z] result ok gambit hmF2 2026.09.21T14:45
[LGDC 2026-09-27T13:50:22.622Z] gate-consult deny gambit hmF2 2026.09.21T15:00 ms-since-last=7285
[LGDC 2026-09-27T13:50:35.737Z] launch gambit hmF2 2026.09.21T15:00
[LGDC 2026-09-27T13:50:35.759Z] result ok gambit hmF2 2026.09.21T15:00
[LGDC 2026-09-27T13:50:40.575Z] gate-consult deny gambit hmF2 2026.09.21T15:15 ms-since-last=7102
[LGDC 2026-09-27T13:50:53.288Z] launch gambit hmF2 2026.09.21T15:15
[LGDC 2026-09-27T13:50:53.302Z] result ok gambit hmF2 2026.09.21T15:15
[LGDC 2026-09-27T13:50:59.711Z] gate-consult deny gambit hmF2 2026.09.21T15:30 ms-since-last=8657
[LGDC 2026-09-27T13:51:14.131Z] launch gambit hmF2 2026.09.21T15:30
[LGDC 2026-09-27T13:51:14.145Z] result ok gambit hmF2 2026.09.21T15:30
[LGDC 2026-09-27T13:51:21.128Z] gate-consult deny gambit hmF2 2026.09.21T15:45 ms-since-last=9249
[LGDC 2026-09-27T13:51:24.685Z] launch getbest EB040
[LGDC 2026-09-27T13:51:24.935Z] launch getbest JR055
[LGDC 2026-09-27T13:51:25.191Z] launch getbest PQ052
[LGDC 2026-09-27T13:51:25.446Z] launch getbest KL154
[LGDC 2026-09-27T13:51:25.701Z] launch getbest OL246
[LGDC 2026-09-27T13:51:25.954Z] launch getbest LD160
[LGDC 2026-09-27T13:51:26.315Z] launch getbest RV149
[LGDC 2026-09-27T13:51:26.577Z] launch getbest TR170
[LGDC 2026-09-27T13:51:26.829Z] launch getbest CS839
[LGDC 2026-09-27T13:51:27.082Z] launch getbest RL052
[LGDC 2026-09-27T13:51:27.337Z] launch getbest EI764
[LGDC 2026-09-27T13:51:27.588Z] launch getbest PF765
[LGDC 2026-09-27T13:51:27.843Z] launch getbest SMK29
[LGDC 2026-09-27T13:51:28.097Z] launch getbest CAJ2M
[LGDC 2026-09-27T13:51:28.348Z] launch getbest BC840
[LGDC 2026-09-27T13:51:28.599Z] launch getbest RM041
[LGDC 2026-09-27T13:51:28.856Z] launch getbest TR0P2
[LGDC 2026-09-27T13:51:33.281Z] gate-consult deny gambit hmF2 2026.09.21T15:45 ms-since-last=4425
[LGDC 2026-09-27T13:51:47.665Z] launch gambit hmF2 2026.09.21T15:45
[LGDC 2026-09-27T13:51:47.681Z] result ok gambit hmF2 2026.09.21T15:45
[LGDC 2026-09-27T13:51:54.902Z] gate-consult deny gambit hmF2 2026.09.21T16:00 ms-since-last=9491
[LGDC 2026-09-27T13:52:09.265Z] launch gambit hmF2 2026.09.21T16:00
[LGDC 2026-09-27T13:52:09.279Z] result ok gambit hmF2 2026.09.21T16:00
[LGDC 2026-09-27T13:52:15.789Z] gate-consult deny gambit hmF2 2026.09.21T16:15 ms-since-last=8740
[LGDC 2026-09-27T13:52:30.061Z] launch gambit hmF2 2026.09.21T16:15
[LGDC 2026-09-27T13:52:30.078Z] result ok gambit hmF2 2026.09.21T16:15
[LGDC 2026-09-27T13:52:37.010Z] gate-consult deny gambit hmF2 2026.09.21T16:30 ms-since-last=9030
[LGDC 2026-09-27T13:52:51.409Z] launch gambit hmF2 2026.09.21T16:30
[LGDC 2026-09-27T13:52:51.423Z] result ok gambit hmF2 2026.09.21T16:30
[LGDC 2026-09-27T13:52:57.984Z] gate-consult deny gambit hmF2 2026.09.21T16:45 ms-since-last=8758
[LGDC 2026-09-27T13:53:12.792Z] launch gambit hmF2 2026.09.21T16:45
[LGDC 2026-09-27T13:53:12.806Z] result ok gambit hmF2 2026.09.21T16:45
[LGDC 2026-09-27T13:53:19.379Z] gate-consult deny gambit hmF2 2026.09.21T17:00 ms-since-last=8949
[LGDC 2026-09-27T13:53:37.586Z] launch gambit hmF2 2026.09.21T17:00
[LGDC 2026-09-27T13:53:37.601Z] result ok gambit hmF2 2026.09.21T17:00
[LGDC 2026-09-27T13:53:44.155Z] gate-consult deny gambit hmF2 2026.09.21T17:15 ms-since-last=12648
[LGDC 2026-09-27T13:53:58.696Z] launch gambit hmF2 2026.09.21T17:15
[LGDC 2026-09-27T13:53:58.712Z] result ok gambit hmF2 2026.09.21T17:15
[LGDC 2026-09-27T13:54:05.885Z] gate-consult deny gambit hmF2 2026.09.21T17:30 ms-since-last=9439
[LGDC 2026-09-27T13:54:20.537Z] launch gambit hmF2 2026.09.21T17:30
[LGDC 2026-09-27T13:54:20.551Z] result ok gambit hmF2 2026.09.21T17:30
[LGDC 2026-09-27T13:54:27.304Z] gate-consult deny gambit hmF2 2026.09.21T17:45 ms-since-last=9008
[LGDC 2026-09-27T13:54:42.050Z] launch gambit hmF2 2026.09.21T17:45
[LGDC 2026-09-27T13:54:42.064Z] result ok gambit hmF2 2026.09.21T17:45
[LGDC 2026-09-27T13:54:49.133Z] gate-consult deny gambit hmF2 2026.09.21T18:00 ms-since-last=9573
[LGDC 2026-09-27T13:55:03.605Z] launch gambit hmF2 2026.09.21T18:00
[LGDC 2026-09-27T13:55:03.621Z] result ok gambit hmF2 2026.09.21T18:00
[LGDC 2026-09-27T13:55:10.129Z] gate-consult deny gambit hmF2 2026.09.21T18:15 ms-since-last=8764
[LGDC 2026-09-27T13:55:26.636Z] launch gambit hmF2 2026.09.21T18:15
[LGDC 2026-09-27T13:55:26.660Z] result ok gambit hmF2 2026.09.21T18:15
[LGDC 2026-09-27T13:55:36.620Z] gate-consult deny gambit hmF2 2026.09.21T18:30 ms-since-last=13095
[LGDC 2026-09-27T13:55:52.455Z] launch gambit hmF2 2026.09.21T18:30
[LGDC 2026-09-27T13:55:52.471Z] result ok gambit hmF2 2026.09.21T18:30
[LGDC 2026-09-27T13:55:59.854Z] gate-consult deny gambit hmF2 2026.09.21T18:45 ms-since-last=9561
[LGDC 2026-09-27T13:56:14.576Z] launch gambit hmF2 2026.09.21T18:45
[LGDC 2026-09-27T13:56:14.590Z] result ok gambit hmF2 2026.09.21T18:45
[LGDC 2026-09-27T13:56:21.704Z] gate-consult deny gambit hmF2 2026.09.21T19:00 ms-since-last=9365
[LGDC 2026-09-27T13:56:24.687Z] launch getbest EA036
[LGDC 2026-09-27T13:56:24.941Z] launch getbest VT139
[LGDC 2026-09-27T13:56:25.193Z] launch getbest GM037
[LGDC 2026-09-27T13:56:25.447Z] launch getbest AT138
[LGDC 2026-09-27T13:56:25.699Z] launch getbest MZ152
[LGDC 2026-09-27T13:56:25.949Z] launch getbest AC843
[LGDC 2026-09-27T13:56:26.205Z] launch getbest TNJ20
[LGDC 2026-09-27T13:56:26.461Z] launch getbest CXM9B
[LGDC 2026-09-27T13:56:26.726Z] launch getbest LA42Q
[LGDC 2026-09-27T13:56:26.979Z] launch getbest BLJ03
[LGDC 2026-09-27T13:56:27.232Z] launch getbest TO535
[LGDC 2026-09-27T13:56:27.486Z] launch getbest IC437
[LGDC 2026-09-27T13:56:27.737Z] launch getbest DH224
[LGDC 2026-09-27T13:56:27.990Z] launch getbest XI434
[LGDC 2026-09-27T13:56:28.242Z] launch getbest AU930
[LGDC 2026-09-27T13:56:28.498Z] launch getbest MA155
[LGDC 2026-09-27T13:56:28.749Z] launch getbest CS31K
[LGDC 2026-09-27T13:56:29.001Z] launch getbest MO155
[LGDC 2026-09-27T13:56:29.257Z] launch getbest MU12K
[LGDC 2026-09-27T13:56:29.508Z] launch getbest ML10L
[LGDC 2026-09-27T13:56:29.762Z] launch getbest NDA81
[LGDC 2026-09-27T13:56:34.962Z] gate-consult deny gambit hmF2 2026.09.21T19:00 ms-since-last=5200
[LGDC 2026-09-27T13:56:49.480Z] launch gambit hmF2 2026.09.21T19:00
[LGDC 2026-09-27T13:56:49.495Z] result ok gambit hmF2 2026.09.21T19:00
[LGDC 2026-09-27T13:56:56.221Z] gate-consult deny gambit hmF2 2026.09.21T19:15 ms-since-last=9003
[LGDC 2026-09-27T13:57:10.826Z] launch gambit hmF2 2026.09.21T19:15
[LGDC 2026-09-27T13:57:10.840Z] result ok gambit hmF2 2026.09.21T19:15
[LGDC 2026-09-27T13:57:17.543Z] gate-consult deny gambit hmF2 2026.09.21T19:30 ms-since-last=8960
[LGDC 2026-09-27T13:57:32.199Z] launch gambit hmF2 2026.09.21T19:30
[LGDC 2026-09-27T13:57:32.216Z] result ok gambit hmF2 2026.09.21T19:30
[LGDC 2026-09-27T13:57:40.351Z] gate-consult deny gambit hmF2 2026.09.21T19:45 ms-since-last=10418
[LGDC 2026-09-27T13:57:56.204Z] launch gambit hmF2 2026.09.21T19:45
[LGDC 2026-09-27T13:57:56.219Z] result ok gambit hmF2 2026.09.21T19:45
[LGDC 2026-09-27T13:58:03.072Z] gate-consult deny gambit hmF2 2026.09.21T20:00 ms-since-last=9207
[LGDC 2026-09-27T13:58:18.097Z] launch gambit hmF2 2026.09.21T20:00
[LGDC 2026-09-27T13:58:18.113Z] result ok gambit hmF2 2026.09.21T20:00
[LGDC 2026-09-27T13:58:24.935Z] gate-consult deny gambit hmF2 2026.09.21T20:15 ms-since-last=9174
[LGDC 2026-09-27T13:58:40.005Z] launch gambit hmF2 2026.09.21T20:15
[LGDC 2026-09-27T13:58:40.020Z] result ok gambit hmF2 2026.09.21T20:15
[LGDC 2026-09-27T13:58:46.789Z] gate-consult deny gambit hmF2 2026.09.21T20:30 ms-since-last=9241
[LGDC 2026-09-27T13:59:02.263Z] launch gambit hmF2 2026.09.21T20:30
[LGDC 2026-09-27T13:59:02.276Z] result ok gambit hmF2 2026.09.21T20:30
[LGDC 2026-09-27T13:59:09.368Z] gate-consult deny gambit hmF2 2026.09.21T20:45 ms-since-last=9356
[LGDC 2026-09-27T13:59:24.584Z] launch gambit hmF2 2026.09.21T20:45
[LGDC 2026-09-27T13:59:24.605Z] result ok gambit hmF2 2026.09.21T20:45
[LGDC 2026-09-27T13:59:31.462Z] gate-consult deny gambit hmF2 2026.09.21T21:00 ms-since-last=9262
[LGDC 2026-09-27T13:59:46.011Z] launch gambit hmF2 2026.09.21T21:00
[LGDC 2026-09-27T13:59:46.027Z] result ok gambit hmF2 2026.09.21T21:00
[LGDC 2026-09-27T13:59:52.835Z] gate-consult deny gambit hmF2 2026.09.21T21:15 ms-since-last=9052
[LGDC 2026-09-27T14:00:07.212Z] launch gambit foF2 2026.09.24T14:00
[LGDC 2026-09-27T14:00:07.229Z] result ok gambit foF2 2026.09.24T14:00
[LGDC 2026-09-27T14:00:14.019Z] gate-consult deny gambit hmF2 2026.09.21T21:15 ms-since-last=8955
[LGDC 2026-09-27T14:00:28.551Z] launch gambit hmF2 2026.09.21T21:15
[LGDC 2026-09-27T14:00:28.567Z] result ok gambit hmF2 2026.09.21T21:15
[LGDC 2026-09-27T14:00:35.234Z] gate-consult deny gambit hmF2 2026.09.21T21:30 ms-since-last=8918
[LGDC 2026-09-27T14:00:49.769Z] launch gambit hmF2 2026.09.21T21:30
[LGDC 2026-09-27T14:00:49.782Z] result ok gambit hmF2 2026.09.21T21:30
[LGDC 2026-09-27T14:00:56.644Z] gate-consult deny gambit hmF2 2026.09.21T21:45 ms-since-last=9106
[LGDC 2026-09-27T14:01:11.306Z] launch gambit hmF2 2026.09.21T21:45
[LGDC 2026-09-27T14:01:11.321Z] result ok gambit hmF2 2026.09.21T21:45
[LGDC 2026-09-27T14:01:18.133Z] gate-consult deny gambit hmF2 2026.09.21T22:00 ms-since-last=8854
[LGDC 2026-09-27T14:01:24.694Z] launch getbest EB040
[LGDC 2026-09-27T14:01:24.947Z] launch getbest FF051
[LGDC 2026-09-27T14:01:25.197Z] launch getbest JR055
[LGDC 2026-09-27T14:01:25.452Z] launch getbest SO148
[LGDC 2026-09-27T14:01:25.789Z] launch getbest TR169
[LGDC 2026-09-27T14:01:26.047Z] launch getbest DB049
[LGDC 2026-09-27T14:01:26.298Z] launch getbest BVJ03
[LGDC 2026-09-27T14:01:26.551Z] launch getbest EG931
[LGDC 2026-09-27T14:01:26.806Z] launch getbest DW41K
[LGDC 2026-09-27T14:01:27.058Z] launch getbest NI135
[LGDC 2026-09-27T14:01:27.310Z] launch getbest CB53N
[LGDC 2026-09-27T14:01:27.561Z] launch getbest TV51R
[LGDC 2026-09-27T14:01:27.816Z] launch getbest GR13L
[LGDC 2026-09-27T14:01:30.866Z] gate-consult deny gambit hmF2 2026.09.21T22:00 ms-since-last=3050
[LGDC 2026-09-27T14:01:45.354Z] launch gambit hmF2 2026.09.21T22:00
[LGDC 2026-09-27T14:01:45.368Z] result ok gambit hmF2 2026.09.21T22:00
[LGDC 2026-09-27T14:01:52.112Z] gate-consult deny gambit hmF2 2026.09.21T22:15 ms-since-last=8949
[LGDC 2026-09-27T14:02:06.924Z] launch gambit hmF2 2026.09.21T22:15
[LGDC 2026-09-27T14:02:06.938Z] result ok gambit hmF2 2026.09.21T22:15
[LGDC 2026-09-27T14:02:13.620Z] gate-consult deny gambit hmF2 2026.09.21T22:30 ms-since-last=9064
[LGDC 2026-09-27T14:02:28.139Z] launch gambit hmF2 2026.09.21T22:30
[LGDC 2026-09-27T14:02:28.156Z] result ok gambit hmF2 2026.09.21T22:30
[LGDC 2026-09-27T14:02:35.271Z] gate-consult deny gambit hmF2 2026.09.21T22:45 ms-since-last=9325
[LGDC 2026-09-27T14:02:50.100Z] launch gambit hmF2 2026.09.21T22:45
[LGDC 2026-09-27T14:02:50.114Z] result ok gambit hmF2 2026.09.21T22:45
[LGDC 2026-09-27T14:02:56.921Z] gate-consult deny gambit hmF2 2026.09.21T23:00 ms-since-last=9101
[LGDC 2026-09-27T14:03:11.888Z] launch gambit hmF2 2026.09.21T23:00
[LGDC 2026-09-27T14:03:11.904Z] result ok gambit hmF2 2026.09.21T23:00
[LGDC 2026-09-27T14:03:18.649Z] gate-consult deny gambit hmF2 2026.09.21T23:15 ms-since-last=9269
[LGDC 2026-09-27T14:03:34.452Z] launch gambit hmF2 2026.09.21T23:15
[LGDC 2026-09-27T14:03:34.467Z] result ok gambit hmF2 2026.09.21T23:15
[LGDC 2026-09-27T14:03:41.366Z] gate-consult deny gambit hmF2 2026.09.21T23:30 ms-since-last=10416
[LGDC 2026-09-27T14:03:56.069Z] launch gambit hmF2 2026.09.21T23:30
[LGDC 2026-09-27T14:03:56.084Z] result ok gambit hmF2 2026.09.21T23:30
[LGDC 2026-09-27T14:04:02.821Z] gate-consult deny gambit hmF2 2026.09.21T23:45 ms-since-last=9035
[LGDC 2026-09-27T14:04:17.659Z] launch gambit hmF2 2026.09.21T23:45
[LGDC 2026-09-27T14:04:17.676Z] result ok gambit hmF2 2026.09.21T23:45
[LGDC 2026-09-27T14:04:24.556Z] gate-consult deny gambit hmF2 2026.09.22T00:00 ms-since-last=9097
[LGDC 2026-09-27T14:04:39.198Z] launch gambit hmF2 2026.09.22T00:00
[LGDC 2026-09-27T14:04:39.212Z] result ok gambit hmF2 2026.09.22T00:00
[LGDC 2026-09-27T14:04:46.003Z] gate-consult deny gambit hmF2 2026.09.22T00:15 ms-since-last=9057
[LGDC 2026-09-27T14:05:00.595Z] launch gambit hmF2 2026.09.22T00:15
[LGDC 2026-09-27T14:05:00.609Z] result ok gambit hmF2 2026.09.22T00:15
[LGDC 2026-09-27T14:05:07.365Z] gate-consult deny gambit hmF2 2026.09.22T00:30 ms-since-last=8969
[LGDC 2026-09-27T14:05:21.932Z] launch gambit hmF2 2026.09.22T00:30
[LGDC 2026-09-27T14:05:21.947Z] result ok gambit hmF2 2026.09.22T00:30
[LGDC 2026-09-27T14:05:28.630Z] gate-consult deny gambit hmF2 2026.09.22T00:45 ms-since-last=8913
[LGDC 2026-09-27T14:05:43.371Z] launch gambit hmF2 2026.09.22T00:45
[LGDC 2026-09-27T14:05:43.386Z] result ok gambit hmF2 2026.09.22T00:45
[LGDC 2026-09-27T14:05:50.615Z] gate-consult deny gambit hmF2 2026.09.22T01:00 ms-since-last=9474
[LGDC 2026-09-27T14:06:05.263Z] launch gambit hmF2 2026.09.22T01:00
[LGDC 2026-09-27T14:06:05.277Z] result ok gambit hmF2 2026.09.22T01:00
[LGDC 2026-09-27T14:06:12.130Z] gate-consult deny gambit hmF2 2026.09.22T01:15 ms-since-last=9047
[LGDC 2026-09-27T14:06:24.700Z] launch getbest EA036
[LGDC 2026-09-27T14:06:24.956Z] launch getbest CAJ2M
[LGDC 2026-09-27T14:06:25.206Z] launch getbest VT139
[LGDC 2026-09-27T14:06:25.463Z] launch getbest PQ052
[LGDC 2026-09-27T14:06:25.714Z] launch getbest RM041
[LGDC 2026-09-27T14:06:25.968Z] launch getbest TR0P2
[LGDC 2026-09-27T14:06:26.841Z] launch gambit hmF2 2026.09.22T01:15
[LGDC 2026-09-27T14:06:26.855Z] result ok gambit hmF2 2026.09.22T01:15
[LGDC 2026-09-27T14:06:33.640Z] gate-consult deny gambit hmF2 2026.09.22T01:30 ms-since-last=7672
[LGDC 2026-09-27T14:06:48.180Z] launch gambit hmF2 2026.09.22T01:30
[LGDC 2026-09-27T14:06:48.194Z] result ok gambit hmF2 2026.09.22T01:30
[LGDC 2026-09-27T14:06:54.904Z] gate-consult deny gambit hmF2 2026.09.22T01:45 ms-since-last=8973
[LGDC 2026-09-27T14:07:09.642Z] launch gambit hmF2 2026.09.22T01:45
[LGDC 2026-09-27T14:07:09.658Z] result ok gambit hmF2 2026.09.22T01:45
[LGDC 2026-09-27T14:07:16.932Z] gate-consult deny gambit hmF2 2026.09.22T02:00 ms-since-last=9665
[LGDC 2026-09-27T14:07:31.776Z] launch gambit hmF2 2026.09.22T02:00
[LGDC 2026-09-27T14:07:31.790Z] result ok gambit hmF2 2026.09.22T02:00
[LGDC 2026-09-27T14:07:38.656Z] gate-consult deny gambit hmF2 2026.09.22T02:15 ms-since-last=9181
[LGDC 2026-09-27T14:07:53.368Z] launch gambit hmF2 2026.09.22T02:15
[LGDC 2026-09-27T14:07:53.383Z] result ok gambit hmF2 2026.09.22T02:15
[LGDC 2026-09-27T14:08:00.298Z] gate-consult deny gambit hmF2 2026.09.22T02:30 ms-since-last=9150
[LGDC 2026-09-27T14:08:15.064Z] launch gambit hmF2 2026.09.22T02:30
[LGDC 2026-09-27T14:08:15.077Z] result ok gambit hmF2 2026.09.22T02:30
[LGDC 2026-09-27T14:08:21.975Z] gate-consult deny gambit hmF2 2026.09.22T02:45 ms-since-last=9311
[LGDC 2026-09-27T14:08:35.031Z] result fail gambit hmF2 2026.09.22T02:45 red/pre-gate
[LGDC 2026-09-27T14:08:47.495Z] gate-consult deny gambit hmF2 2026.09.22T02:45 ms-since-last=13151
[LGDC 2026-09-27T14:09:02.597Z] launch gambit hmF2 2026.09.22T02:45
[LGDC 2026-09-27T14:09:02.613Z] result ok gambit hmF2 2026.09.22T02:45
[LGDC 2026-09-27T14:09:09.574Z] gate-consult deny gambit hmF2 2026.09.22T03:00 ms-since-last=9239
[LGDC 2026-09-27T14:09:24.334Z] launch gambit hmF2 2026.09.22T03:00
[LGDC 2026-09-27T14:09:24.347Z] result ok gambit hmF2 2026.09.22T03:00
[LGDC 2026-09-27T14:09:31.243Z] gate-consult deny gambit hmF2 2026.09.22T03:15 ms-since-last=9128
[LGDC 2026-09-27T14:09:47.169Z] launch gambit hmF2 2026.09.22T03:15
[LGDC 2026-09-27T14:09:47.184Z] result ok gambit hmF2 2026.09.22T03:15
[LGDC 2026-09-27T14:09:54.085Z] gate-consult deny gambit hmF2 2026.09.22T03:30 ms-since-last=9399
[LGDC 2026-09-27T14:10:08.805Z] launch gambit hmF2 2026.09.22T03:30
[LGDC 2026-09-27T14:10:08.820Z] result ok gambit hmF2 2026.09.22T03:30
[LGDC 2026-09-27T14:10:15.689Z] gate-consult deny gambit hmF2 2026.09.22T03:45 ms-since-last=9129
[LGDC 2026-09-27T14:10:30.823Z] launch gambit hmF2 2026.09.22T03:45
[LGDC 2026-09-27T14:10:30.839Z] result ok gambit hmF2 2026.09.22T03:45
[LGDC 2026-09-27T14:10:37.983Z] gate-consult deny gambit hmF2 2026.09.22T04:00 ms-since-last=9426
[LGDC 2026-09-27T14:10:52.868Z] launch gambit hmF2 2026.09.22T04:00
[LGDC 2026-09-27T14:10:52.883Z] result ok gambit hmF2 2026.09.22T04:00
[LGDC 2026-09-27T14:10:59.821Z] gate-consult deny gambit hmF2 2026.09.22T04:15 ms-since-last=9260
[LGDC 2026-09-27T14:11:14.531Z] launch gambit hmF2 2026.09.22T04:15
[LGDC 2026-09-27T14:11:14.546Z] result ok gambit hmF2 2026.09.22T04:15
[LGDC 2026-09-27T14:11:21.461Z] gate-consult deny gambit hmF2 2026.09.22T04:30 ms-since-last=9155
[LGDC 2026-09-27T14:11:24.727Z] launch getbest EB040
[LGDC 2026-09-27T14:11:24.985Z] launch getbest GM037
[LGDC 2026-09-27T14:11:25.242Z] launch getbest FF051
[LGDC 2026-09-27T14:11:25.493Z] launch getbest AT138
[LGDC 2026-09-27T14:11:25.744Z] launch getbest MZ152
[LGDC 2026-09-27T14:11:34.014Z] gate-consult deny gambit hmF2 2026.09.22T04:30 ms-since-last=8270
[LGDC 2026-09-27T14:11:48.826Z] launch gambit hmF2 2026.09.22T04:30
[LGDC 2026-09-27T14:11:48.841Z] result ok gambit hmF2 2026.09.22T04:30
[LGDC 2026-09-27T14:11:55.831Z] gate-consult deny gambit hmF2 2026.09.22T04:45 ms-since-last=9284
[LGDC 2026-09-27T14:12:10.951Z] launch gambit hmF2 2026.09.22T04:45
[LGDC 2026-09-27T14:12:10.967Z] result ok gambit hmF2 2026.09.22T04:45
[LGDC 2026-09-27T14:12:18.000Z] gate-consult deny gambit hmF2 2026.09.22T05:00 ms-since-last=9347
[LGDC 2026-09-27T14:12:32.818Z] launch gambit hmF2 2026.09.22T05:00
[LGDC 2026-09-27T14:12:32.834Z] result ok gambit hmF2 2026.09.22T05:00
[LGDC 2026-09-27T14:12:39.770Z] gate-consult deny gambit hmF2 2026.09.22T05:15 ms-since-last=9197
[LGDC 2026-09-27T14:12:54.838Z] launch gambit hmF2 2026.09.22T05:15
[LGDC 2026-09-27T14:12:54.851Z] result ok gambit hmF2 2026.09.22T05:15
[LGDC 2026-09-27T14:13:01.830Z] gate-consult deny gambit hmF2 2026.09.22T05:30 ms-since-last=9302
[LGDC 2026-09-27T14:13:16.571Z] launch gambit hmF2 2026.09.22T05:30
[LGDC 2026-09-27T14:13:16.588Z] result ok gambit hmF2 2026.09.22T05:30
[LGDC 2026-09-27T14:13:23.645Z] gate-consult deny gambit hmF2 2026.09.22T05:45 ms-since-last=9305
[LGDC 2026-09-27T14:13:38.689Z] launch gambit hmF2 2026.09.22T05:45
[LGDC 2026-09-27T14:13:38.705Z] result ok gambit hmF2 2026.09.22T05:45
[LGDC 2026-09-27T14:13:45.857Z] gate-consult deny gambit hmF2 2026.09.22T06:00 ms-since-last=9619
[LGDC 2026-09-27T14:14:00.681Z] launch gambit hmF2 2026.09.22T06:00
[LGDC 2026-09-27T14:14:00.696Z] result ok gambit hmF2 2026.09.22T06:00
[LGDC 2026-09-27T14:14:07.675Z] gate-consult deny gambit hmF2 2026.09.22T06:15 ms-since-last=9165
[LGDC 2026-09-27T14:14:22.522Z] launch gambit hmF2 2026.09.22T06:15
[LGDC 2026-09-27T14:14:22.536Z] result ok gambit hmF2 2026.09.22T06:15
[LGDC 2026-09-27T14:14:29.497Z] gate-consult deny gambit hmF2 2026.09.22T06:30 ms-since-last=9248
[LGDC 2026-09-27T14:14:44.371Z] launch gambit hmF2 2026.09.22T06:30
[LGDC 2026-09-27T14:14:44.386Z] result ok gambit hmF2 2026.09.22T06:30
[LGDC 2026-09-27T14:14:51.341Z] gate-consult deny gambit hmF2 2026.09.22T06:45 ms-since-last=9308
[LGDC 2026-09-27T14:15:06.314Z] launch gambit foF2 2026.09.24T14:15
[LGDC 2026-09-27T14:15:06.329Z] result ok gambit foF2 2026.09.24T14:15
[LGDC 2026-09-27T14:15:13.609Z] gate-consult deny gambit hmF2 2026.09.22T06:45 ms-since-last=9677
[LGDC 2026-09-27T14:15:28.618Z] launch gambit hmF2 2026.09.22T06:45
[LGDC 2026-09-27T14:15:28.632Z] result ok gambit hmF2 2026.09.22T06:45
[LGDC 2026-09-27T14:15:35.645Z] gate-consult deny gambit hmF2 2026.09.22T07:00 ms-since-last=9417
[LGDC 2026-09-27T14:15:50.395Z] launch gambit hmF2 2026.09.22T07:00
[LGDC 2026-09-27T14:15:50.410Z] result ok gambit hmF2 2026.09.22T07:00
[LGDC 2026-09-27T14:15:57.467Z] gate-consult deny gambit hmF2 2026.09.22T07:15 ms-since-last=9245
[LGDC 2026-09-27T14:16:12.369Z] launch gambit hmF2 2026.09.22T07:15
[LGDC 2026-09-27T14:16:12.383Z] result ok gambit hmF2 2026.09.22T07:15
[LGDC 2026-09-27T14:16:19.333Z] gate-consult deny gambit hmF2 2026.09.22T07:30 ms-since-last=9249
[LGDC 2026-09-27T14:16:24.773Z] launch getbest EA036
[LGDC 2026-09-27T14:16:25.026Z] launch getbest JR055
[LGDC 2026-09-27T14:16:25.281Z] launch getbest SO148
[LGDC 2026-09-27T14:16:25.534Z] launch getbest KI167
[LGDC 2026-09-27T14:16:25.802Z] launch getbest DB049
[LGDC 2026-09-27T14:16:26.053Z] launch getbest TR169
[LGDC 2026-09-27T14:16:26.309Z] launch getbest BVJ03
[LGDC 2026-09-27T14:16:26.562Z] launch getbest EG931
[LGDC 2026-09-27T14:16:26.813Z] launch getbest DW41K
[LGDC 2026-09-27T14:16:27.067Z] launch getbest CB53N
[LGDC 2026-09-27T14:16:27.320Z] launch getbest CAJ2M
[LGDC 2026-09-27T14:16:27.576Z] launch getbest TV51R
[LGDC 2026-09-27T14:16:27.827Z] launch getbest NI135
[LGDC 2026-09-27T14:16:28.081Z] launch getbest GR13L
[LGDC 2026-09-27T14:16:32.019Z] gate-consult deny gambit hmF2 2026.09.22T07:30 ms-since-last=3938
[LGDC 2026-09-27T14:16:47.202Z] launch gambit hmF2 2026.09.22T07:30
[LGDC 2026-09-27T14:16:47.218Z] result ok gambit hmF2 2026.09.22T07:30
[LGDC 2026-09-27T14:16:54.297Z] gate-consult deny gambit hmF2 2026.09.22T07:45 ms-since-last=9354
[LGDC 2026-09-27T14:17:09.327Z] launch gambit hmF2 2026.09.22T07:45
[LGDC 2026-09-27T14:17:09.340Z] result ok gambit hmF2 2026.09.22T07:45
[LGDC 2026-09-27T14:17:16.400Z] gate-consult deny gambit hmF2 2026.09.22T08:00 ms-since-last=9435
[LGDC 2026-09-27T14:17:31.296Z] launch gambit hmF2 2026.09.22T08:00
[LGDC 2026-09-27T14:17:31.310Z] result ok gambit hmF2 2026.09.22T08:00
[LGDC 2026-09-27T14:17:38.337Z] gate-consult deny gambit hmF2 2026.09.22T08:15 ms-since-last=9214
[LGDC 2026-09-27T14:17:53.121Z] launch gambit hmF2 2026.09.22T08:15
[LGDC 2026-09-27T14:17:53.135Z] result ok gambit hmF2 2026.09.22T08:15
[LGDC 2026-09-27T14:18:00.110Z] gate-consult deny gambit hmF2 2026.09.22T08:30 ms-since-last=9151
[LGDC 2026-09-27T14:18:15.424Z] launch gambit hmF2 2026.09.22T08:30
[LGDC 2026-09-27T14:18:15.441Z] result ok gambit hmF2 2026.09.22T08:30
[LGDC 2026-09-27T14:18:22.692Z] gate-consult deny gambit hmF2 2026.09.22T08:45 ms-since-last=9864
[LGDC 2026-09-27T14:18:38.140Z] launch gambit hmF2 2026.09.22T08:45
[LGDC 2026-09-27T14:18:38.155Z] result ok gambit hmF2 2026.09.22T08:45
[LGDC 2026-09-27T14:18:45.277Z] gate-consult deny gambit hmF2 2026.09.22T09:00 ms-since-last=9723
[LGDC 2026-09-27T14:19:00.139Z] launch gambit hmF2 2026.09.22T09:00
[LGDC 2026-09-27T14:19:00.154Z] result ok gambit hmF2 2026.09.22T09:00
[LGDC 2026-09-27T14:19:07.278Z] gate-consult deny gambit hmF2 2026.09.22T09:15 ms-since-last=9314
[LGDC 2026-09-27T14:19:22.364Z] launch gambit hmF2 2026.09.22T09:15
[LGDC 2026-09-27T14:19:22.379Z] result ok gambit hmF2 2026.09.22T09:15
[LGDC 2026-09-27T14:19:29.432Z] gate-consult deny gambit hmF2 2026.09.22T09:30 ms-since-last=9470
[LGDC 2026-09-27T14:19:44.469Z] launch gambit hmF2 2026.09.22T09:30
[LGDC 2026-09-27T14:19:44.485Z] result ok gambit hmF2 2026.09.22T09:30
[LGDC 2026-09-27T14:19:51.950Z] gate-consult deny gambit hmF2 2026.09.22T09:45 ms-since-last=9774
[LGDC 2026-09-27T14:20:06.933Z] launch gambit hmF2 2026.09.22T09:45
[LGDC 2026-09-27T14:20:06.947Z] result ok gambit hmF2 2026.09.22T09:45
[LGDC 2026-09-27T14:20:14.097Z] gate-consult deny gambit hmF2 2026.09.22T10:00 ms-since-last=9349
[LGDC 2026-09-27T14:20:29.055Z] launch gambit hmF2 2026.09.22T10:00
[LGDC 2026-09-27T14:20:29.070Z] result ok gambit hmF2 2026.09.22T10:00
[LGDC 2026-09-27T14:20:37.298Z] gate-consult deny gambit hmF2 2026.09.22T10:15 ms-since-last=10442
[LGDC 2026-09-27T14:20:52.193Z] launch gambit hmF2 2026.09.22T10:15
[LGDC 2026-09-27T14:20:52.206Z] result ok gambit hmF2 2026.09.22T10:15
[LGDC 2026-09-27T14:20:59.199Z] gate-consult deny gambit hmF2 2026.09.22T10:30 ms-since-last=9308
[LGDC 2026-09-27T14:21:14.048Z] launch gambit hmF2 2026.09.22T10:30
[LGDC 2026-09-27T14:21:14.069Z] result ok gambit hmF2 2026.09.22T10:30
[LGDC 2026-09-27T14:21:21.480Z] gate-consult deny gambit hmF2 2026.09.22T10:45 ms-since-last=9609
[LGDC 2026-09-27T14:21:24.769Z] launch getbest EB040
[LGDC 2026-09-27T14:21:25.031Z] launch getbest PQ052
[LGDC 2026-09-27T14:21:25.285Z] launch getbest GM037
[LGDC 2026-09-27T14:21:25.541Z] launch getbest RM041
[LGDC 2026-09-27T14:21:25.797Z] launch getbest VT139
[LGDC 2026-09-27T14:21:26.050Z] launch getbest TR0P2
[LGDC 2026-09-27T14:21:34.322Z] gate-consult deny gambit hmF2 2026.09.22T10:45 ms-since-last=8272
[LGDC 2026-09-27T14:21:49.166Z] launch gambit hmF2 2026.09.22T10:45
[LGDC 2026-09-27T14:21:49.181Z] result ok gambit hmF2 2026.09.22T10:45
[LGDC 2026-09-27T14:21:56.197Z] gate-consult deny gambit hmF2 2026.09.22T11:00 ms-since-last=9274
[LGDC 2026-09-27T14:22:10.976Z] launch gambit hmF2 2026.09.22T11:00
[LGDC 2026-09-27T14:22:10.990Z] result ok gambit hmF2 2026.09.22T11:00
[LGDC 2026-09-27T14:22:17.943Z] gate-consult deny gambit hmF2 2026.09.22T11:15 ms-since-last=9142
[LGDC 2026-09-27T14:22:32.687Z] launch gambit hmF2 2026.09.22T11:15
[LGDC 2026-09-27T14:22:32.702Z] result ok gambit hmF2 2026.09.22T11:15
[LGDC 2026-09-27T14:22:40.730Z] gate-consult deny gambit hmF2 2026.09.22T11:30 ms-since-last=10229
[LGDC 2026-09-27T14:22:57.787Z] launch gambit hmF2 2026.09.22T11:30
[LGDC 2026-09-27T14:22:57.805Z] result ok gambit hmF2 2026.09.22T11:30
[LGDC 2026-09-27T14:23:06.552Z] gate-consult deny gambit hmF2 2026.09.22T11:45 ms-since-last=10944
[LGDC 2026-09-27T14:23:21.517Z] launch gambit hmF2 2026.09.22T11:45
[LGDC 2026-09-27T14:23:21.530Z] result ok gambit hmF2 2026.09.22T11:45
[LGDC 2026-09-27T14:23:28.623Z] gate-consult deny gambit hmF2 2026.09.22T12:00 ms-since-last=9317
[LGDC 2026-09-27T14:23:43.422Z] launch gambit hmF2 2026.09.22T12:00
[LGDC 2026-09-27T14:23:43.436Z] result ok gambit hmF2 2026.09.22T12:00
[LGDC 2026-09-27T14:23:50.454Z] gate-consult deny gambit hmF2 2026.09.22T12:15 ms-since-last=9221
[LGDC 2026-09-27T14:24:05.306Z] launch gambit hmF2 2026.09.22T12:15
[LGDC 2026-09-27T14:24:05.321Z] result ok gambit hmF2 2026.09.22T12:15
[LGDC 2026-09-27T14:24:12.375Z] gate-consult deny gambit hmF2 2026.09.22T12:30 ms-since-last=9267
[LGDC 2026-09-27T14:24:27.662Z] launch gambit hmF2 2026.09.22T12:30
[LGDC 2026-09-27T14:24:27.678Z] result ok gambit hmF2 2026.09.22T12:30
[LGDC 2026-09-27T14:24:34.934Z] gate-consult deny gambit hmF2 2026.09.22T12:45 ms-since-last=9430
[LGDC 2026-09-27T14:24:50.072Z] launch gambit hmF2 2026.09.22T12:45
[LGDC 2026-09-27T14:24:50.087Z] result ok gambit hmF2 2026.09.22T12:45
[LGDC 2026-09-27T14:24:57.233Z] gate-consult deny gambit hmF2 2026.09.22T13:00 ms-since-last=9571
[LGDC 2026-09-27T14:25:13.118Z] launch gambit hmF2 2026.09.22T13:00
[LGDC 2026-09-27T14:25:13.132Z] result ok gambit hmF2 2026.09.22T13:00
[LGDC 2026-09-27T14:25:20.479Z] gate-consult deny gambit hmF2 2026.09.22T13:15 ms-since-last=10541
[LGDC 2026-09-27T14:25:35.496Z] launch gambit hmF2 2026.09.22T13:15
[LGDC 2026-09-27T14:25:35.513Z] result ok gambit hmF2 2026.09.22T13:15
[LGDC 2026-09-27T14:25:42.695Z] gate-consult deny gambit hmF2 2026.09.22T13:30 ms-since-last=9566
[LGDC 2026-09-27T14:25:57.790Z] launch gambit hmF2 2026.09.22T13:30
[LGDC 2026-09-27T14:25:57.807Z] result ok gambit hmF2 2026.09.22T13:30
[LGDC 2026-09-27T14:26:05.082Z] gate-consult deny gambit hmF2 2026.09.22T13:45 ms-since-last=9553
[LGDC 2026-09-27T14:26:19.973Z] launch gambit hmF2 2026.09.22T13:45
[LGDC 2026-09-27T14:26:19.987Z] result ok gambit hmF2 2026.09.22T13:45
[LGDC 2026-09-27T14:26:24.772Z] launch getbest EA036
[LGDC 2026-09-27T14:26:25.035Z] launch getbest KL154
[LGDC 2026-09-27T14:26:25.300Z] launch getbest AT138
[LGDC 2026-09-27T14:26:25.559Z] launch getbest FF051
[LGDC 2026-09-27T14:26:25.811Z] launch getbest LD160
[LGDC 2026-09-27T14:26:26.065Z] launch getbest OL246
[LGDC 2026-09-27T14:26:26.316Z] launch getbest RV149
[LGDC 2026-09-27T14:26:26.573Z] launch getbest TR170
[LGDC 2026-09-27T14:26:26.826Z] launch getbest MZ152
[LGDC 2026-09-27T14:26:27.079Z] launch getbest CS839
[LGDC 2026-09-27T14:26:27.227Z] gate-consult deny gambit hmF2 2026.09.22T14:00 ms-since-last=148
[LGDC 2026-09-27T14:26:27.331Z] launch getbest BC840
[LGDC 2026-09-27T14:26:27.582Z] launch getbest RL052
[LGDC 2026-09-27T14:26:27.834Z] launch getbest EI764
[LGDC 2026-09-27T14:26:28.087Z] launch getbest PF765
[LGDC 2026-09-27T14:26:28.341Z] launch getbest SMK29
[LGDC 2026-09-27T14:26:40.063Z] gate-consult deny gambit hmF2 2026.09.22T14:00 ms-since-last=11722
[LGDC 2026-09-27T14:26:55.213Z] launch gambit hmF2 2026.09.22T14:00
[LGDC 2026-09-27T14:26:55.226Z] result ok gambit hmF2 2026.09.22T14:00
[LGDC 2026-09-27T14:27:02.331Z] gate-consult deny gambit hmF2 2026.09.22T14:15 ms-since-last=9465
[LGDC 2026-09-27T14:27:17.281Z] launch gambit hmF2 2026.09.22T14:15
[LGDC 2026-09-27T14:27:17.295Z] result ok gambit hmF2 2026.09.22T14:15
[LGDC 2026-09-27T14:27:24.694Z] gate-consult deny gambit hmF2 2026.09.22T14:30 ms-since-last=9679
[LGDC 2026-09-27T14:27:40.225Z] launch gambit hmF2 2026.09.22T14:30
[LGDC 2026-09-27T14:27:40.239Z] result ok gambit hmF2 2026.09.22T14:30
[LGDC 2026-09-27T14:27:47.452Z] gate-consult deny gambit hmF2 2026.09.22T14:45 ms-since-last=9767
[LGDC 2026-09-27T14:28:02.405Z] launch gambit hmF2 2026.09.22T14:45
[LGDC 2026-09-27T14:28:02.419Z] result ok gambit hmF2 2026.09.22T14:45
[LGDC 2026-09-27T14:28:09.547Z] gate-consult deny gambit hmF2 2026.09.22T15:00 ms-since-last=9266
[LGDC 2026-09-27T14:28:24.499Z] launch gambit hmF2 2026.09.22T15:00
[LGDC 2026-09-27T14:28:24.514Z] result ok gambit hmF2 2026.09.22T15:00
[LGDC 2026-09-27T14:28:32.553Z] gate-consult deny gambit hmF2 2026.09.22T15:15 ms-since-last=10275
[LGDC 2026-09-27T14:28:47.499Z] launch gambit hmF2 2026.09.22T15:15
[LGDC 2026-09-27T14:28:47.514Z] result ok gambit hmF2 2026.09.22T15:15
[LGDC 2026-09-27T14:28:54.917Z] gate-consult deny gambit hmF2 2026.09.22T15:30 ms-since-last=9620
[LGDC 2026-09-27T14:29:10.401Z] launch gambit hmF2 2026.09.22T15:30
[LGDC 2026-09-27T14:29:10.416Z] result ok gambit hmF2 2026.09.22T15:30
[LGDC 2026-09-27T14:29:17.645Z] gate-consult deny gambit hmF2 2026.09.22T15:45 ms-since-last=9608
[LGDC 2026-09-27T14:29:32.802Z] launch gambit hmF2 2026.09.22T15:45
[LGDC 2026-09-27T14:29:32.816Z] result ok gambit hmF2 2026.09.22T15:45
[LGDC 2026-09-27T14:29:40.053Z] gate-consult deny gambit hmF2 2026.09.22T16:00 ms-since-last=9617
[GloTecAdapter] Error: indice GloTEC vacio
[LGDC 2026-09-27T14:29:56.554Z] launch gambit hmF2 2026.09.22T16:00
[LGDC 2026-09-27T14:29:56.570Z] result ok gambit hmF2 2026.09.22T16:00
[LGDC 2026-09-27T14:30:03.947Z] gate-consult deny gambit foF2 2026.09.24T14:30 ms-since-last=11051
[LGDC 2026-09-27T14:30:19.473Z] launch gambit foF2 2026.09.24T14:30
[LGDC 2026-09-27T14:30:19.487Z] result ok gambit foF2 2026.09.24T14:30
[LGDC 2026-09-27T14:30:26.861Z] gate-consult deny gambit hmF2 2026.09.22T16:15 ms-since-last=9690
[LGDC 2026-09-27T14:30:42.377Z] launch gambit hmF2 2026.09.22T16:15
[LGDC 2026-09-27T14:30:42.393Z] result ok gambit hmF2 2026.09.22T16:15
[LGDC 2026-09-27T14:30:49.668Z] gate-consult deny gambit hmF2 2026.09.22T16:30 ms-since-last=9677
[LGDC 2026-09-27T14:31:05.057Z] launch gambit hmF2 2026.09.22T16:30
[LGDC 2026-09-27T14:31:05.071Z] result ok gambit hmF2 2026.09.22T16:30
[LGDC 2026-09-27T14:31:12.318Z] gate-consult deny gambit hmF2 2026.09.22T16:45 ms-since-last=9835
[LGDC 2026-09-27T14:31:24.821Z] launch getbest EB040
[LGDC 2026-09-27T14:31:25.077Z] launch getbest TR169
[LGDC 2026-09-27T14:31:25.154Z] gate-consult deny gambit hmF2 2026.09.22T16:45 ms-since-last=77
[LGDC 2026-09-27T14:31:25.330Z] launch getbest JR055
[LGDC 2026-09-27T14:31:25.585Z] launch getbest DB049
[LGDC 2026-09-27T14:31:25.840Z] launch getbest SO148
[LGDC 2026-09-27T14:31:26.094Z] launch getbest AC843
[LGDC 2026-09-27T14:31:26.347Z] launch getbest EG931
[LGDC 2026-09-27T14:31:26.605Z] launch getbest AU930
[LGDC 2026-09-27T14:31:26.859Z] launch getbest TNJ20
[LGDC 2026-09-27T14:31:27.115Z] launch getbest BVJ03
[LGDC 2026-09-27T14:31:27.368Z] launch getbest CXM9B
[LGDC 2026-09-27T14:31:27.620Z] launch getbest BLJ03
[LGDC 2026-09-27T14:31:27.873Z] launch getbest CAJ2M
[LGDC 2026-09-27T14:31:28.126Z] launch getbest LA42Q
[LGDC 2026-09-27T14:31:28.380Z] launch getbest DW41K
[LGDC 2026-09-27T14:31:28.634Z] launch getbest CB53N
[LGDC 2026-09-27T14:31:28.887Z] launch getbest IC437
[LGDC 2026-09-27T14:31:29.142Z] launch getbest TO535
[LGDC 2026-09-27T14:31:29.395Z] launch getbest DH224
[LGDC 2026-09-27T14:31:29.648Z] launch getbest XI434
[LGDC 2026-09-27T14:31:29.904Z] launch getbest NI135
[LGDC 2026-09-27T14:31:30.160Z] launch getbest TV51R
[LGDC 2026-09-27T14:31:30.413Z] launch getbest MA155
[LGDC 2026-09-27T14:31:30.668Z] launch getbest MO155
[LGDC 2026-09-27T14:31:30.923Z] launch getbest CS31K
[LGDC 2026-09-27T14:31:31.176Z] launch getbest ML10L
[LGDC 2026-09-27T14:31:31.429Z] launch getbest MU12K
[LGDC 2026-09-27T14:31:31.682Z] launch getbest GR13L
[LGDC 2026-09-27T14:31:31.933Z] launch getbest NDA81
[LGDC 2026-09-27T14:31:38.172Z] gate-consult deny gambit hmF2 2026.09.22T16:45 ms-since-last=6239
[LGDC 2026-09-27T14:31:53.218Z] launch gambit hmF2 2026.09.22T16:45
[LGDC 2026-09-27T14:31:53.232Z] result ok gambit hmF2 2026.09.22T16:45
[LGDC 2026-09-27T14:32:00.545Z] gate-consult deny gambit hmF2 2026.09.22T17:00 ms-since-last=9642
[LGDC 2026-09-27T14:32:16.008Z] launch gambit hmF2 2026.09.22T17:00
[LGDC 2026-09-27T14:32:16.024Z] result ok gambit hmF2 2026.09.22T17:00
[LGDC 2026-09-27T14:32:23.330Z] gate-consult deny gambit hmF2 2026.09.22T17:15 ms-since-last=9671
[LGDC 2026-09-27T14:32:38.385Z] launch gambit hmF2 2026.09.22T17:15
[LGDC 2026-09-27T14:32:38.400Z] result ok gambit hmF2 2026.09.22T17:15
[LGDC 2026-09-27T14:32:45.646Z] gate-consult deny gambit hmF2 2026.09.22T17:30 ms-since-last=9462
[LGDC 2026-09-27T14:33:00.574Z] launch gambit hmF2 2026.09.22T17:30
[LGDC 2026-09-27T14:33:00.588Z] result ok gambit hmF2 2026.09.22T17:30
[LGDC 2026-09-27T14:33:07.804Z] gate-consult deny gambit hmF2 2026.09.22T17:45 ms-since-last=9381
[LGDC 2026-09-27T14:33:22.914Z] launch gambit hmF2 2026.09.22T17:45
[LGDC 2026-09-27T14:33:22.929Z] result ok gambit hmF2 2026.09.22T17:45
[LGDC 2026-09-27T14:33:30.088Z] gate-consult deny gambit hmF2 2026.09.22T18:00 ms-since-last=9404
[LGDC 2026-09-27T14:33:45.504Z] launch gambit hmF2 2026.09.22T18:00
[LGDC 2026-09-27T14:33:45.520Z] result ok gambit hmF2 2026.09.22T18:00
[LGDC 2026-09-27T14:33:52.915Z] gate-consult deny gambit hmF2 2026.09.22T18:15 ms-since-last=9694
[LGDC 2026-09-27T14:34:08.293Z] launch gambit hmF2 2026.09.22T18:15
[LGDC 2026-09-27T14:34:08.306Z] result ok gambit hmF2 2026.09.22T18:15
[LGDC 2026-09-27T14:34:15.569Z] gate-consult deny gambit hmF2 2026.09.22T18:30 ms-since-last=9710
[LGDC 2026-09-27T14:34:30.568Z] launch gambit hmF2 2026.09.22T18:30
[LGDC 2026-09-27T14:34:30.582Z] result ok gambit hmF2 2026.09.22T18:30
[LGDC 2026-09-27T14:34:37.811Z] gate-consult deny gambit hmF2 2026.09.22T18:45 ms-since-last=9428
[LGDC 2026-09-27T14:34:52.750Z] launch gambit hmF2 2026.09.22T18:45
[LGDC 2026-09-27T14:34:52.763Z] result ok gambit hmF2 2026.09.22T18:45
[LGDC 2026-09-27T14:35:00.000Z] gate-consult deny gambit hmF2 2026.09.22T19:00 ms-since-last=9409
[LGDC 2026-09-27T14:35:15.194Z] launch gambit hmF2 2026.09.22T19:00
[LGDC 2026-09-27T14:35:15.208Z] result ok gambit hmF2 2026.09.22T19:00
[LGDC 2026-09-27T14:35:22.970Z] gate-consult deny gambit hmF2 2026.09.22T19:15 ms-since-last=9946
[LGDC 2026-09-27T14:35:38.051Z] launch gambit hmF2 2026.09.22T19:15
[LGDC 2026-09-27T14:35:38.064Z] result ok gambit hmF2 2026.09.22T19:15
[LGDC 2026-09-27T14:35:45.764Z] gate-consult deny gambit hmF2 2026.09.22T19:30 ms-since-last=9898
[LGDC 2026-09-27T14:36:00.910Z] launch gambit hmF2 2026.09.22T19:30
[LGDC 2026-09-27T14:36:00.923Z] result ok gambit hmF2 2026.09.22T19:30
[LGDC 2026-09-27T14:36:08.126Z] gate-consult deny gambit hmF2 2026.09.22T19:45 ms-since-last=9433
[LGDC 2026-09-27T14:36:23.270Z] launch gambit hmF2 2026.09.22T19:45
[LGDC 2026-09-27T14:36:23.284Z] result ok gambit hmF2 2026.09.22T19:45
[LGDC 2026-09-27T14:36:24.847Z] launch getbest EA036
[LGDC 2026-09-27T14:36:25.103Z] launch getbest VT139
[LGDC 2026-09-27T14:36:25.357Z] launch getbest GM037
[LGDC 2026-09-27T14:36:25.611Z] launch getbest PQ052
[LGDC 2026-09-27T14:36:25.864Z] launch getbest TR0P2
[LGDC 2026-09-27T14:36:26.116Z] launch getbest RM041
[LGDC 2026-09-27T14:36:30.571Z] gate-consult deny gambit hmF2 2026.09.23T20:00 ms-since-last=4455
[LGDC 2026-09-27T14:36:45.663Z] launch gambit hmF2 2026.09.23T20:00
[LGDC 2026-09-27T14:36:45.679Z] result ok gambit hmF2 2026.09.23T20:00
[LGDC 2026-09-27T14:36:53.261Z] gate-consult deny gambit hmF2 2026.09.23T20:15 ms-since-last=9795
[LGDC 2026-09-27T14:37:08.550Z] launch gambit hmF2 2026.09.23T20:15
[LGDC 2026-09-27T14:37:08.563Z] result ok gambit hmF2 2026.09.23T20:15
[LGDC 2026-09-27T14:37:15.860Z] gate-consult deny gambit hmF2 2026.09.23T20:30 ms-since-last=9657
[LGDC 2026-09-27T14:37:30.793Z] launch gambit hmF2 2026.09.23T20:30
[LGDC 2026-09-27T14:37:30.806Z] result ok gambit hmF2 2026.09.23T20:30
[LGDC 2026-09-27T14:37:38.070Z] gate-consult deny gambit hmF2 2026.09.23T20:45 ms-since-last=9366
[LGDC 2026-09-27T14:37:53.128Z] launch gambit hmF2 2026.09.23T20:45
[LGDC 2026-09-27T14:37:53.142Z] result ok gambit hmF2 2026.09.23T20:45
[LGDC 2026-09-27T14:38:00.580Z] gate-consult deny gambit hmF2 2026.09.23T21:00 ms-since-last=9687
[LGDC 2026-09-27T14:38:15.765Z] launch gambit hmF2 2026.09.23T21:00
[LGDC 2026-09-27T14:38:15.780Z] result ok gambit hmF2 2026.09.23T21:00
[LGDC 2026-09-27T14:38:23.371Z] gate-consult deny gambit hmF2 2026.09.23T21:15 ms-since-last=9871
[LGDC 2026-09-27T14:38:39.045Z] launch gambit hmF2 2026.09.23T21:15
[LGDC 2026-09-27T14:38:39.068Z] result ok gambit hmF2 2026.09.23T21:15
[LGDC 2026-09-27T14:38:46.441Z] gate-consult deny gambit hmF2 2026.09.23T21:30 ms-since-last=10077
[LGDC 2026-09-27T14:39:01.542Z] launch gambit hmF2 2026.09.23T21:30
[LGDC 2026-09-27T14:39:01.558Z] result ok gambit hmF2 2026.09.23T21:30
[LGDC 2026-09-27T14:39:08.954Z] gate-consult deny gambit hmF2 2026.09.23T21:45 ms-since-last=9576
[LGDC 2026-09-27T14:39:24.159Z] launch gambit hmF2 2026.09.23T21:45
[LGDC 2026-09-27T14:39:24.174Z] result ok gambit hmF2 2026.09.23T21:45
[LGDC 2026-09-27T14:39:31.065Z] gate-consult deny gambit hmF2 2026.09.23T22:00 ms-since-last=9157
[LGDC 2026-09-27T14:39:47.312Z] launch gambit hmF2 2026.09.23T22:00
[LGDC 2026-09-27T14:39:47.327Z] result ok gambit hmF2 2026.09.23T22:00
[LGDC 2026-09-27T14:39:54.967Z] gate-consult deny gambit hmF2 2026.09.23T22:15 ms-since-last=10814
[LGDC 2026-09-27T14:40:10.362Z] launch gambit hmF2 2026.09.23T22:15
[LGDC 2026-09-27T14:40:10.376Z] result ok gambit hmF2 2026.09.23T22:15
[LGDC 2026-09-27T14:40:17.771Z] gate-consult deny gambit hmF2 2026.09.23T22:30 ms-since-last=9645
[LGDC 2026-09-27T14:40:33.235Z] launch gambit hmF2 2026.09.23T22:30
[LGDC 2026-09-27T14:40:33.250Z] result ok gambit hmF2 2026.09.23T22:30
[LGDC 2026-09-27T14:40:40.581Z] gate-consult deny gambit hmF2 2026.09.23T22:45 ms-since-last=9565
[LGDC 2026-09-27T14:40:55.702Z] launch gambit hmF2 2026.09.23T22:45
[LGDC 2026-09-27T14:40:55.716Z] result ok gambit hmF2 2026.09.23T22:45
[LGDC 2026-09-27T14:41:03.057Z] gate-consult deny gambit hmF2 2026.09.23T23:00 ms-since-last=9571
[LGDC 2026-09-27T14:41:18.235Z] launch gambit hmF2 2026.09.23T23:00
[LGDC 2026-09-27T14:41:18.250Z] result ok gambit hmF2 2026.09.23T23:00
[GloTecAdapter] Error: indice GloTEC vacio
[LGDC 2026-09-27T14:41:24.848Z] launch getbest EB040
[LGDC 2026-09-27T14:41:25.109Z] launch getbest AT138
[LGDC 2026-09-27T14:41:25.362Z] launch getbest FF051
[LGDC 2026-09-27T14:41:25.613Z] launch getbest MZ152
[LGDC 2026-09-27T14:41:26.112Z] gate-consult deny gambit hmF2 2026.09.23T23:15 ms-since-last=499
[LGDC 2026-09-27T14:41:39.147Z] gate-consult deny gambit hmF2 2026.09.23T23:15 ms-since-last=13534
[LGDC 2026-09-27T14:41:54.443Z] launch gambit hmF2 2026.09.23T23:15
[LGDC 2026-09-27T14:41:54.457Z] result ok gambit hmF2 2026.09.23T23:15
[LGDC 2026-09-27T14:42:01.859Z] gate-consult deny gambit hmF2 2026.09.23T23:30 ms-since-last=9671
[LGDC 2026-09-27T14:42:17.137Z] launch gambit hmF2 2026.09.23T23:30
[LGDC 2026-09-27T14:42:17.151Z] result ok gambit hmF2 2026.09.23T23:30
[LGDC 2026-09-27T14:42:24.464Z] gate-consult deny gambit hmF2 2026.09.23T23:45 ms-since-last=9606
[LGDC 2026-09-27T14:42:39.558Z] launch gambit hmF2 2026.09.23T23:45
[LGDC 2026-09-27T14:42:39.573Z] result ok gambit hmF2 2026.09.23T23:45
[LGDC 2026-09-27T14:42:47.343Z] gate-consult deny gambit hmF2 2026.09.24T00:00 ms-since-last=10008
[LGDC 2026-09-27T14:43:02.734Z] launch gambit hmF2 2026.09.24T00:00
[LGDC 2026-09-27T14:43:02.747Z] result ok gambit hmF2 2026.09.24T00:00
[LGDC 2026-09-27T14:43:10.167Z] gate-consult deny gambit hmF2 2026.09.24T00:15 ms-since-last=9600
[LGDC 2026-09-27T14:43:25.444Z] launch gambit hmF2 2026.09.24T00:15
[LGDC 2026-09-27T14:43:25.460Z] result ok gambit hmF2 2026.09.24T00:15
[LGDC 2026-09-27T14:43:32.826Z] gate-consult deny gambit hmF2 2026.09.24T00:30 ms-since-last=9677
[LGDC 2026-09-27T14:43:47.864Z] launch gambit hmF2 2026.09.24T00:30
[LGDC 2026-09-27T14:43:47.879Z] result ok gambit hmF2 2026.09.24T00:30
[LGDC 2026-09-27T14:43:55.281Z] gate-consult deny gambit hmF2 2026.09.24T00:45 ms-since-last=9522
[LGDC 2026-09-27T14:44:10.472Z] launch gambit hmF2 2026.09.24T00:45
[LGDC 2026-09-27T14:44:10.487Z] result ok gambit hmF2 2026.09.24T00:45
[LGDC 2026-09-27T14:44:18.276Z] gate-consult deny gambit hmF2 2026.09.24T01:00 ms-since-last=9965
[LGDC 2026-09-27T14:44:33.616Z] launch gambit hmF2 2026.09.24T01:00
[LGDC 2026-09-27T14:44:33.630Z] result ok gambit hmF2 2026.09.24T01:00
[LGDC 2026-09-27T14:44:41.064Z] gate-consult deny gambit hmF2 2026.09.24T01:15 ms-since-last=9672
[LGDC 2026-09-27T14:44:56.274Z] launch gambit hmF2 2026.09.24T01:15
[LGDC 2026-09-27T14:44:56.290Z] result ok gambit hmF2 2026.09.24T01:15
[LGDC 2026-09-27T14:45:03.739Z] gate-consult deny gambit foF2 2026.09.24T14:45 ms-since-last=9669
[LGDC 2026-09-27T14:45:18.837Z] launch gambit foF2 2026.09.24T14:45
[LGDC 2026-09-27T14:45:18.849Z] result ok gambit foF2 2026.09.24T14:45
[LGDC 2026-09-27T14:45:26.234Z] gate-consult deny gambit hmF2 2026.09.24T01:30 ms-since-last=9510
[LGDC 2026-09-27T14:45:41.430Z] launch gambit hmF2 2026.09.24T01:30
[LGDC 2026-09-27T14:45:41.443Z] result ok gambit hmF2 2026.09.24T01:30
[LGDC 2026-09-27T14:45:49.221Z] gate-consult deny gambit hmF2 2026.09.24T01:45 ms-since-last=9944
[LGDC 2026-09-27T14:46:04.757Z] launch gambit hmF2 2026.09.24T01:45
[LGDC 2026-09-27T14:46:04.771Z] result ok gambit hmF2 2026.09.24T01:45
[LGDC 2026-09-27T14:46:12.193Z] gate-consult deny gambit hmF2 2026.09.24T02:00 ms-since-last=9840
[LGDC 2026-09-27T14:46:24.852Z] launch getbest EA036
[LGDC 2026-09-27T14:46:25.104Z] launch getbest SO148
[LGDC 2026-09-27T14:46:25.260Z] gate-consult deny gambit hmF2 2026.09.24T02:00 ms-since-last=156
[LGDC 2026-09-27T14:46:25.355Z] launch getbest JR055
[LGDC 2026-09-27T14:46:25.605Z] launch getbest TR169
[LGDC 2026-09-27T14:46:25.858Z] launch getbest DB049
[LGDC 2026-09-27T14:46:26.108Z] launch getbest EG931
[LGDC 2026-09-27T14:46:26.362Z] launch getbest BVJ03
[LGDC 2026-09-27T14:46:26.626Z] launch getbest CAJ2M
[LGDC 2026-09-27T14:46:26.877Z] launch getbest CB53N
[LGDC 2026-09-27T14:46:27.135Z] launch getbest TV51R
[LGDC 2026-09-27T14:46:27.386Z] launch getbest GR13L
[LGDC 2026-09-27T14:46:27.639Z] launch getbest NI135
[LGDC 2026-09-27T14:46:38.418Z] gate-consult deny gambit hmF2 2026.09.24T02:00 ms-since-last=10779
[LGDC 2026-09-27T14:46:53.787Z] launch gambit hmF2 2026.09.24T02:00
[LGDC 2026-09-27T14:46:53.801Z] result ok gambit hmF2 2026.09.24T02:00
[LGDC 2026-09-27T14:47:01.271Z] gate-consult deny gambit hmF2 2026.09.24T02:15 ms-since-last=9851
[LGDC 2026-09-27T14:47:17.467Z] launch gambit hmF2 2026.09.24T02:15
[LGDC 2026-09-27T14:47:17.481Z] result ok gambit hmF2 2026.09.24T02:15
[LGDC 2026-09-27T14:47:25.151Z] gate-consult deny gambit hmF2 2026.09.24T02:30 ms-since-last=10072
[LGDC 2026-09-27T14:47:40.454Z] launch gambit hmF2 2026.09.24T02:30
[LGDC 2026-09-27T14:47:40.469Z] result ok gambit hmF2 2026.09.24T02:30
[LGDC 2026-09-27T14:47:47.947Z] gate-consult deny gambit hmF2 2026.09.24T02:45 ms-since-last=9718
[LGDC 2026-09-27T14:48:03.697Z] launch gambit hmF2 2026.09.24T02:45
[LGDC 2026-09-27T14:48:03.710Z] result ok gambit hmF2 2026.09.24T02:45
[LGDC 2026-09-27T14:48:11.198Z] gate-consult deny gambit hmF2 2026.09.24T03:00 ms-since-last=10125
[LGDC 2026-09-27T14:48:26.336Z] launch gambit hmF2 2026.09.24T03:00
[LGDC 2026-09-27T14:48:26.354Z] result ok gambit hmF2 2026.09.24T03:00
[LGDC 2026-09-27T14:48:33.993Z] gate-consult deny gambit hmF2 2026.09.24T03:15 ms-since-last=9792
[LGDC 2026-09-27T14:48:49.525Z] launch gambit hmF2 2026.09.24T03:15
[LGDC 2026-09-27T14:48:49.539Z] result ok gambit hmF2 2026.09.24T03:15
[LGDC 2026-09-27T14:48:57.184Z] gate-consult deny gambit hmF2 2026.09.24T03:30 ms-since-last=9876
[LGDC 2026-09-27T14:49:12.587Z] launch gambit hmF2 2026.09.24T03:30
[LGDC 2026-09-27T14:49:12.603Z] result ok gambit hmF2 2026.09.24T03:30
[LGDC 2026-09-27T14:49:20.145Z] gate-consult deny gambit hmF2 2026.09.24T03:45 ms-since-last=9867
[LGDC 2026-09-27T14:49:35.306Z] launch gambit hmF2 2026.09.24T03:45
[LGDC 2026-09-27T14:49:35.321Z] result ok gambit hmF2 2026.09.24T03:45
[LGDC 2026-09-27T14:49:42.777Z] gate-consult deny gambit hmF2 2026.09.24T04:00 ms-since-last=9621
[LGDC 2026-09-27T14:49:58.415Z] launch gambit hmF2 2026.09.24T04:00
[LGDC 2026-09-27T14:49:58.429Z] result ok gambit hmF2 2026.09.24T04:00
[LGDC 2026-09-27T14:50:05.881Z] gate-consult deny gambit hmF2 2026.09.24T04:15 ms-since-last=10049
[LGDC 2026-09-27T14:50:21.464Z] launch gambit hmF2 2026.09.24T04:15
[LGDC 2026-09-27T14:50:21.479Z] result ok gambit hmF2 2026.09.24T04:15
[LGDC 2026-09-27T14:50:29.121Z] gate-consult deny gambit hmF2 2026.09.24T04:30 ms-since-last=9902
[LGDC 2026-09-27T14:50:44.545Z] launch gambit hmF2 2026.09.24T04:30
[LGDC 2026-09-27T14:50:44.559Z] result ok gambit hmF2 2026.09.24T04:30
[LGDC 2026-09-27T14:50:52.111Z] gate-consult deny gambit hmF2 2026.09.24T04:45 ms-since-last=9828
[LGDC 2026-09-27T14:51:07.756Z] launch gambit hmF2 2026.09.24T04:45
[LGDC 2026-09-27T14:51:07.772Z] result ok gambit hmF2 2026.09.24T04:45
[LGDC 2026-09-27T14:51:15.379Z] gate-consult deny gambit hmF2 2026.09.24T05:00 ms-since-last=9931
[LGDC 2026-09-27T14:51:24.863Z] launch getbest EB040
[LGDC 2026-09-27T14:51:25.117Z] launch getbest GM037
[LGDC 2026-09-27T14:51:25.369Z] launch getbest PQ052
[LGDC 2026-09-27T14:51:25.633Z] launch getbest KI167
[LGDC 2026-09-27T14:51:25.883Z] launch getbest VT139
[LGDC 2026-09-27T14:51:26.138Z] launch getbest RM041
[LGDC 2026-09-27T14:51:26.395Z] launch getbest TR0P2
[LGDC 2026-09-27T14:51:28.427Z] gate-consult deny gambit hmF2 2026.09.24T05:00 ms-since-last=2032
[LGDC 2026-09-27T14:51:43.651Z] launch gambit hmF2 2026.09.24T05:00
[LGDC 2026-09-27T14:51:43.666Z] result ok gambit hmF2 2026.09.24T05:00
[LGDC 2026-09-27T14:51:51.701Z] gate-consult deny gambit hmF2 2026.09.24T05:15 ms-since-last=10193
[LGDC 2026-09-27T14:52:07.151Z] launch gambit hmF2 2026.09.24T05:15
[LGDC 2026-09-27T14:52:07.165Z] result ok gambit hmF2 2026.09.24T05:15
[LGDC 2026-09-27T14:52:14.756Z] gate-consult deny gambit hmF2 2026.09.24T05:30 ms-since-last=9836
[LGDC 2026-09-27T14:52:30.168Z] launch gambit hmF2 2026.09.24T05:30
[LGDC 2026-09-27T14:52:30.184Z] result ok gambit hmF2 2026.09.24T05:30
[LGDC 2026-09-27T14:52:37.769Z] gate-consult deny gambit hmF2 2026.09.24T05:45 ms-since-last=9799
[LGDC 2026-09-27T14:52:53.261Z] launch gambit hmF2 2026.09.24T05:45
[LGDC 2026-09-27T14:52:53.275Z] result ok gambit hmF2 2026.09.24T05:45
[LGDC 2026-09-27T14:53:00.786Z] gate-consult deny gambit hmF2 2026.09.24T06:00 ms-since-last=9656
[LGDC 2026-09-27T14:53:16.158Z] launch gambit hmF2 2026.09.24T06:00
[LGDC 2026-09-27T14:53:16.172Z] result ok gambit hmF2 2026.09.24T06:00
[LGDC 2026-09-27T14:53:24.112Z] gate-consult deny gambit hmF2 2026.09.24T06:15 ms-since-last=10148
[LGDC 2026-09-27T14:53:39.817Z] launch gambit hmF2 2026.09.24T06:15
[LGDC 2026-09-27T14:53:39.831Z] result ok gambit hmF2 2026.09.24T06:15
[LGDC 2026-09-27T14:53:47.488Z] gate-consult deny gambit hmF2 2026.09.24T06:30 ms-since-last=10169
[LGDC 2026-09-27T14:54:02.943Z] launch gambit hmF2 2026.09.24T06:30
[LGDC 2026-09-27T14:54:02.958Z] result ok gambit hmF2 2026.09.24T06:30
[LGDC 2026-09-27T14:54:10.518Z] gate-consult deny gambit hmF2 2026.09.24T06:45 ms-since-last=9791
[LGDC 2026-09-27T14:54:25.927Z] launch gambit hmF2 2026.09.24T06:45
[LGDC 2026-09-27T14:54:25.939Z] result ok gambit hmF2 2026.09.24T06:45
[LGDC 2026-09-27T14:54:33.473Z] gate-consult deny gambit hmF2 2026.09.24T07:00 ms-since-last=9780
[LGDC 2026-09-27T14:54:48.923Z] launch gambit hmF2 2026.09.24T07:00
[LGDC 2026-09-27T14:54:48.938Z] result ok gambit hmF2 2026.09.24T07:00
[LGDC 2026-09-27T14:54:56.848Z] gate-consult deny gambit hmF2 2026.09.24T07:15 ms-since-last=10139
[LGDC 2026-09-27T14:55:12.370Z] launch gambit hmF2 2026.09.24T07:15
[LGDC 2026-09-27T14:55:12.384Z] result ok gambit hmF2 2026.09.24T07:15
[LGDC 2026-09-27T14:55:20.002Z] gate-consult deny gambit hmF2 2026.09.24T07:30 ms-since-last=9895
[LGDC 2026-09-27T14:55:35.717Z] launch gambit hmF2 2026.09.24T07:30
[LGDC 2026-09-27T14:55:35.731Z] result ok gambit hmF2 2026.09.24T07:30
[LGDC 2026-09-27T14:55:43.317Z] gate-consult deny gambit hmF2 2026.09.24T07:45 ms-since-last=9764
[LGDC 2026-09-27T14:55:58.637Z] launch gambit hmF2 2026.09.24T07:45
[LGDC 2026-09-27T14:55:58.652Z] result ok gambit hmF2 2026.09.24T07:45
[LGDC 2026-09-27T14:56:06.253Z] gate-consult deny gambit hmF2 2026.09.24T08:00 ms-since-last=9754
[LGDC 2026-09-27T14:56:21.631Z] launch gambit hmF2 2026.09.24T08:00
[LGDC 2026-09-27T14:56:21.646Z] result ok gambit hmF2 2026.09.24T08:00
[LGDC 2026-09-27T14:56:24.867Z] launch getbest EA036
[LGDC 2026-09-27T14:56:25.119Z] launch getbest AT138
[LGDC 2026-09-27T14:56:25.373Z] launch getbest FF051
[LGDC 2026-09-27T14:56:25.628Z] launch getbest MZ152
[LGDC 2026-09-27T14:56:25.880Z] launch getbest DW41K
[LGDC 2026-09-27T14:56:29.576Z] gate-consult deny gambit hmF2 2026.09.24T08:15 ms-since-last=3696
[LGDC 2026-09-27T14:56:45.125Z] launch gambit hmF2 2026.09.24T08:15
[LGDC 2026-09-27T14:56:45.221Z] result ok gambit hmF2 2026.09.24T08:15
[LGDC 2026-09-27T14:56:52.949Z] gate-consult deny gambit hmF2 2026.09.24T08:30 ms-since-last=10071
[LGDC 2026-09-27T14:57:08.625Z] launch gambit hmF2 2026.09.24T08:30
[LGDC 2026-09-27T14:57:08.640Z] result ok gambit hmF2 2026.09.24T08:30
[LGDC 2026-09-27T14:57:16.246Z] gate-consult deny gambit hmF2 2026.09.24T08:45 ms-since-last=10087
[LGDC 2026-09-27T14:57:31.917Z] launch gambit hmF2 2026.09.24T08:45
[LGDC 2026-09-27T14:57:31.931Z] result ok gambit hmF2 2026.09.24T08:45
[LGDC 2026-09-27T14:57:39.510Z] gate-consult deny gambit hmF2 2026.09.24T09:00 ms-since-last=10095
[LGDC 2026-09-27T14:57:55.318Z] launch gambit hmF2 2026.09.24T09:00
[LGDC 2026-09-27T14:57:55.333Z] result ok gambit hmF2 2026.09.24T09:00
[LGDC 2026-09-27T14:58:03.160Z] gate-consult deny gambit hmF2 2026.09.24T09:15 ms-since-last=10133
[LGDC 2026-09-27T14:58:18.679Z] launch gambit hmF2 2026.09.24T09:15
[LGDC 2026-09-27T14:58:18.693Z] result ok gambit hmF2 2026.09.24T09:15
[LGDC 2026-09-27T14:58:26.442Z] gate-consult deny gambit hmF2 2026.09.24T09:30 ms-since-last=9945
[LGDC 2026-09-27T14:58:42.442Z] launch gambit hmF2 2026.09.24T09:30
[LGDC 2026-09-27T14:58:42.456Z] result ok gambit hmF2 2026.09.24T09:30
[LGDC 2026-09-27T14:58:50.124Z] gate-consult deny gambit hmF2 2026.09.24T09:45 ms-since-last=9918
[LGDC 2026-09-27T14:59:05.771Z] launch gambit hmF2 2026.09.24T09:45
[LGDC 2026-09-27T14:59:05.786Z] result ok gambit hmF2 2026.09.24T09:45
[LGDC 2026-09-27T14:59:13.460Z] gate-consult deny gambit hmF2 2026.09.24T10:00 ms-since-last=9994
[LGDC 2026-09-27T14:59:29.151Z] launch gambit hmF2 2026.09.24T10:00
[LGDC 2026-09-27T14:59:29.168Z] result ok gambit hmF2 2026.09.24T10:00
[LGDC 2026-09-27T14:59:37.046Z] gate-consult deny gambit hmF2 2026.09.24T10:15 ms-since-last=10053
[LGDC 2026-09-27T14:59:52.459Z] launch gambit hmF2 2026.09.24T10:15
[LGDC 2026-09-27T14:59:52.472Z] result ok gambit hmF2 2026.09.24T10:15
[LGDC 2026-09-27T15:00:00.199Z] gate-consult deny gambit hmF2 2026.09.24T10:30 ms-since-last=9867
[LGDC 2026-09-27T15:00:15.519Z] launch gambit foF2 2026.09.24T15:00
[LGDC 2026-09-27T15:00:15.540Z] result ok gambit foF2 2026.09.24T15:00
[LGDC 2026-09-27T15:00:23.191Z] gate-consult deny gambit hmF2 2026.09.24T10:30 ms-since-last=9715
[LGDC 2026-09-27T15:00:38.841Z] launch gambit hmF2 2026.09.24T10:30
[LGDC 2026-09-27T15:00:38.855Z] result ok gambit hmF2 2026.09.24T10:30
[LGDC 2026-09-27T15:00:46.521Z] gate-consult deny gambit hmF2 2026.09.24T10:45 ms-since-last=10049
[LGDC 2026-09-27T15:01:02.262Z] launch gambit hmF2 2026.09.24T10:45
[LGDC 2026-09-27T15:01:02.278Z] result ok gambit hmF2 2026.09.24T10:45
[LGDC 2026-09-27T15:01:10.123Z] gate-consult deny gambit hmF2 2026.09.24T11:00 ms-since-last=10020
[LGDC 2026-09-27T15:01:24.875Z] launch getbest EB040
[LGDC 2026-09-27T15:01:25.128Z] launch getbest KL154
[LGDC 2026-09-27T15:01:25.382Z] launch getbest OL246
[LGDC 2026-09-27T15:01:25.544Z] launch gambit hmF2 2026.09.24T11:00
[LGDC 2026-09-27T15:01:25.560Z] result ok gambit hmF2 2026.09.24T11:00
[LGDC 2026-09-27T15:01:25.636Z] launch getbest JR055
[LGDC 2026-09-27T15:01:25.887Z] launch getbest TR170
[LGDC 2026-09-27T15:01:26.142Z] launch getbest RV149
[LGDC 2026-09-27T15:01:26.395Z] launch getbest LD160
[LGDC 2026-09-27T15:01:26.647Z] launch getbest SO148
[LGDC 2026-09-27T15:01:26.902Z] launch getbest TR169
[LGDC 2026-09-27T15:01:27.160Z] launch getbest RL052
[LGDC 2026-09-27T15:01:27.411Z] launch getbest DB049
[LGDC 2026-09-27T15:01:27.666Z] launch getbest EG931
[LGDC 2026-09-27T15:01:27.921Z] launch getbest BC840
[LGDC 2026-09-27T15:01:28.178Z] launch getbest CS839
[LGDC 2026-09-27T15:01:28.432Z] launch getbest EI764
[LGDC 2026-09-27T15:01:28.686Z] launch getbest BVJ03
[LGDC 2026-09-27T15:01:28.939Z] launch getbest PF765
[LGDC 2026-09-27T15:01:29.193Z] launch getbest CAJ2M
[LGDC 2026-09-27T15:01:29.448Z] launch getbest CB53N
[LGDC 2026-09-27T15:01:29.703Z] launch getbest NI135
[LGDC 2026-09-27T15:01:29.969Z] launch getbest TV51R
[LGDC 2026-09-27T15:01:30.224Z] launch getbest GR13L
[LGDC 2026-09-27T15:01:30.480Z] launch getbest SMK29
[LGDC 2026-09-27T15:01:33.535Z] gate-consult deny gambit hmF2 2026.09.24T11:15 ms-since-last=3055
[LGDC 2026-09-27T15:01:49.076Z] launch gambit hmF2 2026.09.24T11:15
[LGDC 2026-09-27T15:01:49.091Z] result ok gambit hmF2 2026.09.24T11:15
[LGDC 2026-09-27T15:01:56.958Z] gate-consult deny gambit hmF2 2026.09.24T11:30 ms-since-last=10160
[LGDC 2026-09-27T15:02:12.905Z] launch gambit hmF2 2026.09.24T11:30
[LGDC 2026-09-27T15:02:12.920Z] result ok gambit hmF2 2026.09.24T11:30
[LGDC 2026-09-27T15:02:20.600Z] gate-consult deny gambit hmF2 2026.09.24T11:45 ms-since-last=10337
[LGDC 2026-09-27T15:02:36.319Z] launch gambit hmF2 2026.09.24T11:45
[LGDC 2026-09-27T15:02:36.334Z] result ok gambit hmF2 2026.09.24T11:45
[LGDC 2026-09-27T15:02:44.255Z] gate-consult deny gambit hmF2 2026.09.24T12:00 ms-since-last=9999
[LGDC 2026-09-27T15:02:59.862Z] launch gambit hmF2 2026.09.24T12:00
[LGDC 2026-09-27T15:02:59.876Z] result ok gambit hmF2 2026.09.24T12:00
[LGDC 2026-09-27T15:03:07.691Z] gate-consult deny gambit hmF2 2026.09.24T12:15 ms-since-last=10084
[LGDC 2026-09-27T15:03:23.239Z] launch gambit hmF2 2026.09.24T12:15
[LGDC 2026-09-27T15:03:23.450Z] result ok gambit hmF2 2026.09.24T12:15
[LGDC 2026-09-27T15:03:31.108Z] gate-consult deny gambit hmF2 2026.09.24T12:30 ms-since-last=10075
[LGDC 2026-09-27T15:03:46.614Z] launch gambit hmF2 2026.09.24T12:30
[LGDC 2026-09-27T15:03:46.628Z] result ok gambit hmF2 2026.09.24T12:30
[LGDC 2026-09-27T15:03:54.335Z] gate-consult deny gambit hmF2 2026.09.24T12:45 ms-since-last=9983
[LGDC 2026-09-27T15:04:10.734Z] launch gambit hmF2 2026.09.24T12:45
[LGDC 2026-09-27T15:04:10.749Z] result ok gambit hmF2 2026.09.24T12:45
[LGDC 2026-09-27T15:04:19.107Z] gate-consult deny gambit hmF2 2026.09.24T13:00 ms-since-last=11111
[LGDC 2026-09-27T15:04:34.610Z] launch gambit hmF2 2026.09.24T13:00
[LGDC 2026-09-27T15:04:34.624Z] result ok gambit hmF2 2026.09.24T13:00
[LGDC 2026-09-27T15:04:42.380Z] gate-consult deny gambit hmF2 2026.09.24T13:15 ms-since-last=9920
[LGDC 2026-09-27T15:04:57.869Z] launch gambit hmF2 2026.09.24T13:15
[LGDC 2026-09-27T15:04:57.882Z] result ok gambit hmF2 2026.09.24T13:15
[LGDC 2026-09-27T15:05:05.681Z] gate-consult deny gambit hmF2 2026.09.24T13:30 ms-since-last=9976
[LGDC 2026-09-27T15:05:21.215Z] launch gambit hmF2 2026.09.24T13:30
[LGDC 2026-09-27T15:05:21.229Z] result ok gambit hmF2 2026.09.24T13:30
[LGDC 2026-09-27T15:05:28.912Z] gate-consult deny gambit hmF2 2026.09.24T13:45 ms-since-last=9922
[LGDC 2026-09-27T15:05:44.761Z] launch gambit hmF2 2026.09.24T13:45
[LGDC 2026-09-27T15:05:44.776Z] result ok gambit hmF2 2026.09.24T13:45
[LGDC 2026-09-27T15:05:52.733Z] gate-consult deny gambit hmF2 2026.09.24T14:00 ms-since-last=10103
[LGDC 2026-09-27T15:06:08.357Z] launch gambit hmF2 2026.09.24T14:00
[LGDC 2026-09-27T15:06:08.370Z] result ok gambit hmF2 2026.09.24T14:00
[LGDC 2026-09-27T15:06:16.177Z] gate-consult deny gambit hmF2 2026.09.24T14:15 ms-since-last=10010
[LGDC 2026-09-27T15:06:24.875Z] launch getbest EA036
[LGDC 2026-09-27T15:06:25.135Z] launch getbest VT139
[LGDC 2026-09-27T15:06:25.387Z] launch getbest PQ052
[LGDC 2026-09-27T15:06:25.643Z] launch getbest GM037
[LGDC 2026-09-27T15:06:25.898Z] launch getbest AU930
[LGDC 2026-09-27T15:06:26.149Z] launch getbest TNJ20
[LGDC 2026-09-27T15:06:26.400Z] launch getbest CXM9B
[LGDC 2026-09-27T15:06:26.653Z] launch getbest BLJ03
[LGDC 2026-09-27T15:06:26.909Z] launch getbest AC843
[LGDC 2026-09-27T15:06:27.164Z] launch getbest LA42Q
[LGDC 2026-09-27T15:06:27.418Z] launch getbest TO535
[LGDC 2026-09-27T15:06:27.673Z] launch getbest DH224
[LGDC 2026-09-27T15:06:27.927Z] launch getbest CS31K
[LGDC 2026-09-27T15:06:28.182Z] launch getbest XI434
[LGDC 2026-09-27T15:06:28.436Z] launch getbest MA155
[LGDC 2026-09-27T15:06:28.689Z] launch getbest MO155
[LGDC 2026-09-27T15:06:28.943Z] launch getbest IC437
[LGDC 2026-09-27T15:06:29.198Z] launch getbest MU12K
[LGDC 2026-09-27T15:06:29.450Z] launch getbest ML10L
[LGDC 2026-09-27T15:06:29.595Z] gate-consult deny gambit hmF2 2026.09.24T14:15 ms-since-last=145
[LGDC 2026-09-27T15:06:29.703Z] launch getbest RM041
[LGDC 2026-09-27T15:06:29.957Z] launch getbest TR0P2
[LGDC 2026-09-27T15:06:30.210Z] launch getbest NDA81
[LGDC 2026-09-27T15:06:42.964Z] gate-consult deny gambit hmF2 2026.09.24T14:15 ms-since-last=12754
[LGDC 2026-09-27T15:06:58.464Z] launch gambit hmF2 2026.09.24T14:15
[LGDC 2026-09-27T15:06:58.477Z] result ok gambit hmF2 2026.09.24T14:15
[LGDC 2026-09-27T15:07:06.493Z] gate-consult deny gambit hmF2 2026.09.24T14:30 ms-since-last=10188
[LGDC 2026-09-27T15:07:22.458Z] launch gambit hmF2 2026.09.24T14:30
[LGDC 2026-09-27T15:07:22.471Z] result ok gambit hmF2 2026.09.24T14:30
[LGDC 2026-09-27T15:07:30.365Z] gate-consult deny gambit hmF2 2026.09.24T14:45 ms-since-last=10124
[LGDC 2026-09-27T15:07:46.015Z] launch gambit hmF2 2026.09.24T14:45
[LGDC 2026-09-27T15:07:46.031Z] result ok gambit hmF2 2026.09.24T14:45
[LGDC 2026-09-27T15:07:53.811Z] gate-consult deny gambit hmF2 2026.09.24T15:00 ms-since-last=10025
[LGDC 2026-09-27T15:08:09.371Z] launch gambit hmF2 2026.09.24T15:00
[LGDC 2026-09-27T15:08:09.386Z] result ok gambit hmF2 2026.09.24T15:00
[LGDC 2026-09-27T15:08:17.155Z] gate-consult deny gambit B0 2026.09.20T15:15 ms-since-last=9957
[LGDC 2026-09-27T15:08:34.875Z] launch gambit B0 2026.09.20T15:15
[LGDC 2026-09-27T15:08:34.889Z] result ok gambit B0 2026.09.20T15:15
[LGDC 2026-09-27T15:08:43.096Z] gate-consult deny gambit B0 2026.09.20T15:30 ms-since-last=12561
[LGDC 2026-09-27T15:08:58.942Z] launch gambit B0 2026.09.20T15:30
[LGDC 2026-09-27T15:08:58.955Z] result ok gambit B0 2026.09.20T15:30
[LGDC 2026-09-27T15:09:06.806Z] gate-consult deny gambit B0 2026.09.20T15:45 ms-since-last=10191
[LGDC 2026-09-27T15:09:22.436Z] launch gambit B0 2026.09.20T15:45
[LGDC 2026-09-27T15:09:22.450Z] result ok gambit B0 2026.09.20T15:45
[LGDC 2026-09-27T15:09:30.260Z] gate-consult deny gambit B0 2026.09.20T16:00 ms-since-last=10025
[LGDC 2026-09-27T15:09:45.836Z] launch gambit B0 2026.09.20T16:00
[LGDC 2026-09-27T15:09:45.849Z] result ok gambit B0 2026.09.20T16:00
[LGDC 2026-09-27T15:09:53.976Z] gate-consult deny gambit B0 2026.09.20T16:15 ms-since-last=10327
[LGDC 2026-09-27T15:10:10.147Z] launch gambit B0 2026.09.20T16:15
[LGDC 2026-09-27T15:10:10.163Z] result ok gambit B0 2026.09.20T16:15
[LGDC 2026-09-27T15:10:18.153Z] gate-consult deny gambit B0 2026.09.20T16:30 ms-since-last=10281
[LGDC 2026-09-27T15:10:33.938Z] launch gambit B0 2026.09.20T16:30
[LGDC 2026-09-27T15:10:33.953Z] result ok gambit B0 2026.09.20T16:30
[LGDC 2026-09-27T15:10:41.884Z] gate-consult deny gambit B0 2026.09.20T16:45 ms-since-last=10162
[LGDC 2026-09-27T15:10:57.601Z] launch gambit B0 2026.09.20T16:45
[LGDC 2026-09-27T15:10:57.616Z] result ok gambit B0 2026.09.20T16:45
[LGDC 2026-09-27T15:11:05.490Z] gate-consult deny gambit B0 2026.09.20T17:00 ms-since-last=10134
[LGDC 2026-09-27T15:11:21.231Z] launch gambit B0 2026.09.20T17:00
[LGDC 2026-09-27T15:11:21.246Z] result ok gambit B0 2026.09.20T17:00
[LGDC 2026-09-27T15:11:24.921Z] launch getbest EB040
[LGDC 2026-09-27T15:11:25.183Z] launch getbest MZ152
[LGDC 2026-09-27T15:11:25.437Z] launch getbest FF051
[LGDC 2026-09-27T15:11:25.692Z] launch getbest DW41K
[LGDC 2026-09-27T15:11:25.944Z] launch getbest AT138
[LGDC 2026-09-27T15:11:29.159Z] gate-consult deny gambit B0 2026.09.20T17:15 ms-since-last=3215
[LGDC 2026-09-27T15:11:45.359Z] launch gambit B0 2026.09.20T17:15
[LGDC 2026-09-27T15:11:45.373Z] result ok gambit B0 2026.09.20T17:15
[LGDC 2026-09-27T15:11:53.433Z] gate-consult deny gambit B0 2026.09.20T17:30 ms-since-last=10472
[LGDC 2026-09-27T15:12:09.508Z] launch gambit B0 2026.09.20T17:30
[LGDC 2026-09-27T15:12:09.522Z] result ok gambit B0 2026.09.20T17:30
[LGDC 2026-09-27T15:12:17.414Z] gate-consult deny gambit B0 2026.09.20T17:45 ms-since-last=10395
[LGDC 2026-09-27T15:12:33.166Z] launch gambit B0 2026.09.20T17:45
[LGDC 2026-09-27T15:12:33.180Z] result ok gambit B0 2026.09.20T17:45
[LGDC 2026-09-27T15:12:41.081Z] gate-consult deny gambit B0 2026.09.20T18:00 ms-since-last=10170
[LGDC 2026-09-27T15:12:56.891Z] launch gambit B0 2026.09.20T18:00
[LGDC 2026-09-27T15:12:56.906Z] result ok gambit B0 2026.09.20T18:00
[LGDC 2026-09-27T15:13:04.806Z] gate-consult deny gambit B0 2026.09.20T18:15 ms-since-last=10118
[LGDC 2026-09-27T15:13:20.756Z] launch gambit B0 2026.09.20T18:15
[LGDC 2026-09-27T15:13:20.770Z] result ok gambit B0 2026.09.20T18:15
[LGDC 2026-09-27T15:13:28.814Z] gate-consult deny gambit B0 2026.09.20T18:30 ms-since-last=10235
[LGDC 2026-09-27T15:13:44.788Z] launch gambit B0 2026.09.20T18:30
[LGDC 2026-09-27T15:13:44.801Z] result ok gambit B0 2026.09.20T18:30
[LGDC 2026-09-27T15:13:52.834Z] gate-consult deny gambit B0 2026.09.20T18:45 ms-since-last=10419
[LGDC 2026-09-27T15:14:08.589Z] launch gambit B0 2026.09.20T18:45
[LGDC 2026-09-27T15:14:08.604Z] result ok gambit B0 2026.09.20T18:45
[LGDC 2026-09-27T15:14:16.544Z] gate-consult deny gambit B0 2026.09.20T19:00 ms-since-last=10176
[LGDC 2026-09-27T15:14:32.192Z] launch gambit B0 2026.09.20T19:00
[LGDC 2026-09-27T15:14:32.206Z] result ok gambit B0 2026.09.20T19:00
[LGDC 2026-09-27T15:14:40.352Z] gate-consult deny gambit B0 2026.09.20T19:15 ms-since-last=10325
[LGDC 2026-09-27T15:14:56.558Z] launch gambit B0 2026.09.20T19:15
[LGDC 2026-09-27T15:14:56.572Z] result ok gambit B0 2026.09.20T19:15
[LGDC 2026-09-27T15:15:04.605Z] gate-consult deny gambit foF2 2026.09.24T15:15 ms-since-last=10239
[LGDC 2026-09-27T15:15:20.683Z] launch gambit foF2 2026.09.24T15:15
[LGDC 2026-09-27T15:15:20.697Z] result ok gambit foF2 2026.09.24T15:15
[LGDC 2026-09-27T15:15:28.686Z] gate-consult deny gambit hmF2 2026.09.24T15:15 ms-since-last=10449
[LGDC 2026-09-27T15:15:44.468Z] launch gambit hmF2 2026.09.24T15:15
[LGDC 2026-09-27T15:15:44.483Z] result ok gambit hmF2 2026.09.24T15:15
[LGDC 2026-09-27T15:15:52.405Z] gate-consult deny gambit B0 2026.09.20T19:30 ms-since-last=10118
[LGDC 2026-09-27T15:16:08.254Z] launch gambit B0 2026.09.20T19:30
[LGDC 2026-09-27T15:16:08.268Z] result ok gambit B0 2026.09.20T19:30
[LGDC 2026-09-27T15:16:16.598Z] gate-consult deny gambit B0 2026.09.20T19:45 ms-since-last=10557
[LGDC 2026-09-27T15:16:24.928Z] launch getbest EA036
[LGDC 2026-09-27T15:16:25.190Z] launch getbest TR169
[LGDC 2026-09-27T15:16:25.446Z] launch getbest JR055
[LGDC 2026-09-27T15:16:25.698Z] launch getbest DB049
[LGDC 2026-09-27T15:16:25.950Z] launch getbest SO148
[LGDC 2026-09-27T15:16:26.205Z] launch getbest EG931
[LGDC 2026-09-27T15:16:26.461Z] launch getbest BVJ03
[LGDC 2026-09-27T15:16:26.716Z] launch getbest CAJ2M
[LGDC 2026-09-27T15:16:26.972Z] launch getbest CB53N
[LGDC 2026-09-27T15:16:27.226Z] launch getbest NI135
[LGDC 2026-09-27T15:16:27.481Z] launch getbest GR13L
[LGDC 2026-09-27T15:16:27.734Z] launch getbest TV51R
[LGDC 2026-09-27T15:16:30.250Z] gate-consult deny gambit B0 2026.09.20T19:45 ms-since-last=2516
[LGDC 2026-09-27T15:16:46.089Z] launch gambit B0 2026.09.20T19:45
[LGDC 2026-09-27T15:16:46.103Z] result ok gambit B0 2026.09.20T19:45
[LGDC 2026-09-27T15:16:54.086Z] gate-consult deny gambit B0 2026.09.20T20:00 ms-since-last=10228
[LGDC 2026-09-27T15:17:09.918Z] launch gambit B0 2026.09.20T20:00
[LGDC 2026-09-27T15:17:09.931Z] result ok gambit B0 2026.09.20T20:00
[LGDC 2026-09-27T15:17:17.850Z] gate-consult deny gambit B0 2026.09.20T20:15 ms-since-last=10186
[LGDC 2026-09-27T15:17:33.716Z] launch gambit B0 2026.09.20T20:15
[LGDC 2026-09-27T15:17:33.731Z] result ok gambit B0 2026.09.20T20:15
[LGDC 2026-09-27T15:17:42.158Z] gate-consult deny gambit B0 2026.09.20T20:30 ms-since-last=10667
[LGDC 2026-09-27T15:17:57.986Z] launch gambit B0 2026.09.20T20:30
[LGDC 2026-09-27T15:17:58.000Z] result ok gambit B0 2026.09.20T20:30
[LGDC 2026-09-27T15:18:06.036Z] gate-consult deny gambit B0 2026.09.20T20:45 ms-since-last=10206
[LGDC 2026-09-27T15:18:20.229Z] result fail gambit B0 2026.09.20T20:45 red/pre-gate
[LGDC 2026-09-27T15:18:33.787Z] gate-consult deny gambit B0 2026.09.20T20:45 ms-since-last=14137
[LGDC 2026-09-27T15:18:49.629Z] launch gambit B0 2026.09.20T20:45
[LGDC 2026-09-27T15:18:49.643Z] result ok gambit B0 2026.09.20T20:45
[LGDC 2026-09-27T15:18:57.666Z] gate-consult deny gambit B0 2026.09.20T21:00 ms-since-last=10269
[LGDC 2026-09-27T15:19:14.302Z] launch gambit B0 2026.09.20T21:00
[LGDC 2026-09-27T15:19:14.316Z] result ok gambit B0 2026.09.20T21:00
[LGDC 2026-09-27T15:19:22.411Z] gate-consult deny gambit B0 2026.09.20T21:15 ms-since-last=10840
[LGDC 2026-09-27T15:19:38.262Z] launch gambit B0 2026.09.20T21:15
[LGDC 2026-09-27T15:19:38.276Z] result ok gambit B0 2026.09.20T21:15
[LGDC 2026-09-27T15:19:46.298Z] gate-consult deny gambit B0 2026.09.20T21:30 ms-since-last=10241
[LGDC 2026-09-27T15:20:02.096Z] launch gambit B0 2026.09.20T21:30
[LGDC 2026-09-27T15:20:02.109Z] result ok gambit B0 2026.09.20T21:30
[LGDC 2026-09-27T15:20:10.044Z] gate-consult deny gambit B0 2026.09.20T21:45 ms-since-last=10105
[LGDC 2026-09-27T15:20:24.252Z] result fail gambit B0 2026.09.20T21:45 red/pre-gate
[LGDC 2026-09-27T15:20:41.379Z] launch gambit B0 2026.09.20T21:45
[LGDC 2026-09-27T15:20:41.397Z] result ok gambit B0 2026.09.20T21:45
[LGDC 2026-09-27T15:20:52.285Z] gate-consult deny gambit B0 2026.09.20T22:00 ms-since-last=13364
[LGDC 2026-09-27T15:21:10.870Z] launch gambit B0 2026.09.20T22:00
[LGDC 2026-09-27T15:21:10.884Z] result ok gambit B0 2026.09.20T22:00
[LGDC 2026-09-27T15:21:19.179Z] gate-consult deny gambit B0 2026.09.20T22:15 ms-since-last=11099
[LGDC 2026-09-27T15:21:24.923Z] launch getbest EB040
[LGDC 2026-09-27T15:21:25.176Z] launch getbest VT139
[LGDC 2026-09-27T15:21:25.434Z] launch getbest GM037
[LGDC 2026-09-27T15:21:25.686Z] launch getbest PQ052
[LGDC 2026-09-27T15:21:25.940Z] launch getbest RM041
[LGDC 2026-09-27T15:21:26.500Z] launch getbest TR0P2
[LGDC 2026-09-27T15:21:33.160Z] gate-consult deny gambit B0 2026.09.20T22:15 ms-since-last=6660
[LGDC 2026-09-27T15:21:49.515Z] launch gambit B0 2026.09.20T22:15
[LGDC 2026-09-27T15:21:49.529Z] result ok gambit B0 2026.09.20T22:15
[LGDC 2026-09-27T15:21:57.544Z] gate-consult deny gambit B0 2026.09.20T22:30 ms-since-last=10682
[LGDC 2026-09-27T15:22:13.448Z] launch gambit B0 2026.09.20T22:30
[LGDC 2026-09-27T15:22:13.464Z] result ok gambit B0 2026.09.20T22:30
[LGDC 2026-09-27T15:22:24.002Z] gate-consult deny gambit B0 2026.09.20T22:45 ms-since-last=12859
[LGDC 2026-09-27T15:22:42.124Z] launch gambit B0 2026.09.20T22:45
[LGDC 2026-09-27T15:22:42.142Z] result ok gambit B0 2026.09.20T22:45
[LGDC 2026-09-27T15:22:50.818Z] gate-consult deny gambit B0 2026.09.20T23:00 ms-since-last=10930
[LGDC 2026-09-27T15:23:06.682Z] launch gambit B0 2026.09.20T23:00
[LGDC 2026-09-27T15:23:06.695Z] result ok gambit B0 2026.09.20T23:00
[LGDC 2026-09-27T15:23:14.745Z] gate-consult deny gambit B0 2026.09.20T23:15 ms-since-last=10245
[LGDC 2026-09-27T15:23:30.862Z] launch gambit B0 2026.09.20T23:15
[LGDC 2026-09-27T15:23:30.876Z] result ok gambit B0 2026.09.20T23:15
[LGDC 2026-09-27T15:23:38.951Z] gate-consult deny gambit B0 2026.09.20T23:30 ms-since-last=10561
[LGDC 2026-09-27T15:23:54.917Z] launch gambit B0 2026.09.20T23:30
[LGDC 2026-09-27T15:23:54.932Z] result ok gambit B0 2026.09.20T23:30
[LGDC 2026-09-27T15:24:03.375Z] gate-consult deny gambit B0 2026.09.20T23:45 ms-since-last=10618
[LGDC 2026-09-27T15:24:19.327Z] launch gambit B0 2026.09.20T23:45
[LGDC 2026-09-27T15:24:19.340Z] result ok gambit B0 2026.09.20T23:45
[LGDC 2026-09-27T15:24:27.411Z] gate-consult deny gambit B0 2026.09.21T00:00 ms-since-last=10262
[LGDC 2026-09-27T15:24:43.216Z] launch gambit B0 2026.09.21T00:00
[LGDC 2026-09-27T15:24:43.231Z] result ok gambit B0 2026.09.21T00:00
[LGDC 2026-09-27T15:24:51.342Z] gate-consult deny gambit B0 2026.09.21T00:15 ms-since-last=10210
[LGDC 2026-09-27T15:25:07.426Z] launch gambit B0 2026.09.21T00:15
[LGDC 2026-09-27T15:25:07.441Z] result ok gambit B0 2026.09.21T00:15
[LGDC 2026-09-27T15:25:15.510Z] gate-consult deny gambit B0 2026.09.21T00:30 ms-since-last=10228
[LGDC 2026-09-27T15:25:31.663Z] launch gambit B0 2026.09.21T00:30
[LGDC 2026-09-27T15:25:31.677Z] result ok gambit B0 2026.09.21T00:30
[LGDC 2026-09-27T15:25:39.961Z] gate-consult deny gambit B0 2026.09.21T00:45 ms-since-last=10464
[LGDC 2026-09-27T15:25:55.930Z] launch gambit B0 2026.09.21T00:45
[LGDC 2026-09-27T15:25:55.945Z] result ok gambit B0 2026.09.21T00:45
[LGDC 2026-09-27T15:26:04.050Z] gate-consult deny gambit B0 2026.09.21T01:00 ms-since-last=10329
[LGDC 2026-09-27T15:26:19.922Z] launch gambit B0 2026.09.21T01:00
[LGDC 2026-09-27T15:26:19.935Z] result ok gambit B0 2026.09.21T01:00
[LGDC 2026-09-27T15:26:24.970Z] launch getbest EA036
[LGDC 2026-09-27T15:26:25.228Z] launch getbest FF051
[LGDC 2026-09-27T15:26:25.482Z] launch getbest AT138
[LGDC 2026-09-27T15:26:25.733Z] launch getbest KI167
[LGDC 2026-09-27T15:26:25.987Z] launch getbest MZ152
[LGDC 2026-09-27T15:26:26.242Z] launch getbest DW41K
[LGDC 2026-09-27T15:26:28.099Z] gate-consult deny gambit B0 2026.09.21T01:15 ms-since-last=1857
[LGDC 2026-09-27T15:26:43.944Z] launch gambit B0 2026.09.21T01:15
[LGDC 2026-09-27T15:26:43.957Z] result ok gambit B0 2026.09.21T01:15
[LGDC 2026-09-27T15:26:52.118Z] gate-consult deny gambit B0 2026.09.21T01:30 ms-since-last=10380
[LGDC 2026-09-27T15:27:08.463Z] launch gambit B0 2026.09.21T01:30
[LGDC 2026-09-27T15:27:08.481Z] result ok gambit B0 2026.09.21T01:30
[LGDC 2026-09-27T15:27:17.218Z] gate-consult deny gambit B0 2026.09.21T01:45 ms-since-last=11026
[LGDC 2026-09-27T15:27:33.517Z] launch gambit B0 2026.09.21T01:45
[LGDC 2026-09-27T15:27:33.532Z] result ok gambit B0 2026.09.21T01:45
[LGDC 2026-09-27T15:27:41.717Z] gate-consult deny gambit B0 2026.09.21T02:00 ms-since-last=10708
[LGDC 2026-09-27T15:27:57.706Z] launch gambit B0 2026.09.21T02:00
[LGDC 2026-09-27T15:27:57.721Z] result ok gambit B0 2026.09.21T02:00
[LGDC 2026-09-27T15:28:05.841Z] gate-consult deny gambit B0 2026.09.21T02:15 ms-since-last=10364
[LGDC 2026-09-27T15:28:21.750Z] launch gambit B0 2026.09.21T02:15
[LGDC 2026-09-27T15:28:21.764Z] result ok gambit B0 2026.09.21T02:15
[LGDC 2026-09-27T15:28:29.946Z] gate-consult deny gambit B0 2026.09.21T02:30 ms-since-last=10441
[LGDC 2026-09-27T15:28:46.285Z] launch gambit B0 2026.09.21T02:30
[LGDC 2026-09-27T15:28:46.299Z] result ok gambit B0 2026.09.21T02:30
[LGDC 2026-09-27T15:28:55.031Z] gate-consult deny gambit B0 2026.09.21T02:45 ms-since-last=10936
[LGDC 2026-09-27T15:29:11.090Z] launch gambit B0 2026.09.21T02:45
[LGDC 2026-09-27T15:29:11.105Z] result ok gambit B0 2026.09.21T02:45
[LGDC 2026-09-27T15:29:19.298Z] gate-consult deny gambit B0 2026.09.21T03:00 ms-since-last=10439
[LGDC 2026-09-27T15:29:35.256Z] launch gambit B0 2026.09.21T03:00
[LGDC 2026-09-27T15:29:35.269Z] result ok gambit B0 2026.09.21T03:00
[LGDC 2026-09-27T15:29:43.384Z] gate-consult deny gambit B0 2026.09.21T03:15 ms-since-last=10342
[LGDC 2026-09-27T15:29:59.375Z] launch gambit B0 2026.09.21T03:15
[LGDC 2026-09-27T15:29:59.387Z] result ok gambit B0 2026.09.21T03:15
[LGDC 2026-09-27T15:30:07.895Z] gate-consult deny gambit foF2 2026.09.24T15:30 ms-since-last=10760
[LGDC 2026-09-27T15:30:24.633Z] launch gambit foF2 2026.09.24T15:30
[LGDC 2026-09-27T15:30:24.647Z] result ok gambit foF2 2026.09.24T15:30
[LGDC 2026-09-27T15:30:32.932Z] gate-consult deny gambit hmF2 2026.09.24T15:30 ms-since-last=10841
[LGDC 2026-09-27T15:30:48.858Z] launch gambit hmF2 2026.09.24T15:30
[LGDC 2026-09-27T15:30:48.874Z] result ok gambit hmF2 2026.09.24T15:30
[LGDC 2026-09-27T15:30:57.119Z] gate-consult deny gambit B0 2026.09.21T03:30 ms-since-last=10388
[LGDC 2026-09-27T15:31:13.133Z] launch gambit B0 2026.09.21T03:30
[LGDC 2026-09-27T15:31:13.147Z] result ok gambit B0 2026.09.21T03:30
[LGDC 2026-09-27T15:31:22.232Z] gate-consult deny gambit B0 2026.09.21T03:45 ms-since-last=11274
[LGDC 2026-09-27T15:31:24.966Z] launch getbest EB040
[LGDC 2026-09-27T15:31:25.222Z] launch getbest SO148
[LGDC 2026-09-27T15:31:25.472Z] launch getbest TR169
[LGDC 2026-09-27T15:31:25.724Z] launch getbest JR055
[LGDC 2026-09-27T15:31:25.976Z] launch getbest DB049
[LGDC 2026-09-27T15:31:26.228Z] launch getbest EG931
[LGDC 2026-09-27T15:31:26.485Z] launch getbest BVJ03
[LGDC 2026-09-27T15:31:26.738Z] launch getbest CB53N
[LGDC 2026-09-27T15:31:26.988Z] launch getbest NI135
[LGDC 2026-09-27T15:31:27.244Z] launch getbest TV51R
[LGDC 2026-09-27T15:31:27.499Z] launch getbest CAJ2M
[LGDC 2026-09-27T15:31:27.752Z] launch getbest GR13L
[LGDC 2026-09-27T15:31:38.720Z] gate-consult deny gambit B0 2026.09.21T03:45 ms-since-last=10968
[LGDC 2026-09-27T15:31:57.277Z] launch gambit B0 2026.09.21T03:45
[LGDC 2026-09-27T15:31:57.298Z] result ok gambit B0 2026.09.21T03:45
[LGDC 2026-09-27T15:32:06.929Z] gate-consult deny gambit B0 2026.09.21T04:00 ms-since-last=12102
[LGDC 2026-09-27T15:32:23.075Z] launch gambit B0 2026.09.21T04:00
[LGDC 2026-09-27T15:32:23.088Z] result ok gambit B0 2026.09.21T04:00
[LGDC 2026-09-27T15:32:31.294Z] gate-consult deny gambit B0 2026.09.21T04:15 ms-since-last=10541
[LGDC 2026-09-27T15:32:47.262Z] launch gambit B0 2026.09.21T04:15
[LGDC 2026-09-27T15:32:47.274Z] result ok gambit B0 2026.09.21T04:15
[LGDC 2026-09-27T15:32:56.065Z] gate-consult deny gambit B0 2026.09.21T04:30 ms-since-last=11015
[LGDC 2026-09-27T15:33:12.200Z] launch gambit B0 2026.09.21T04:30
[LGDC 2026-09-27T15:33:12.213Z] result ok gambit B0 2026.09.21T04:30
[LGDC 2026-09-27T15:33:21.002Z] gate-consult deny gambit B0 2026.09.21T04:45 ms-since-last=11023
[LGDC 2026-09-27T15:33:37.776Z] launch gambit B0 2026.09.21T04:45
[LGDC 2026-09-27T15:33:37.792Z] result ok gambit B0 2026.09.21T04:45
[LGDC 2026-09-27T15:33:46.100Z] gate-consult deny gambit B0 2026.09.21T05:00 ms-since-last=11145
[LGDC 2026-09-27T15:34:02.194Z] launch gambit B0 2026.09.21T05:00
[LGDC 2026-09-27T15:34:02.209Z] result ok gambit B0 2026.09.21T05:00
[LGDC 2026-09-27T15:34:10.444Z] gate-consult deny gambit B0 2026.09.21T05:15 ms-since-last=10431
[LGDC 2026-09-27T15:34:26.472Z] launch gambit B0 2026.09.21T05:15
[LGDC 2026-09-27T15:34:26.487Z] result ok gambit B0 2026.09.21T05:15
[LGDC 2026-09-27T15:34:34.706Z] gate-consult deny gambit B0 2026.09.21T05:30 ms-since-last=10480
[LGDC 2026-09-27T15:34:51.105Z] launch gambit B0 2026.09.21T05:30
[LGDC 2026-09-27T15:34:51.121Z] result ok gambit B0 2026.09.21T05:30
[LGDC 2026-09-27T15:34:59.507Z] gate-consult deny gambit B0 2026.09.21T05:45 ms-since-last=10680
[LGDC 2026-09-27T15:35:15.545Z] launch gambit B0 2026.09.21T05:45
[LGDC 2026-09-27T15:35:15.559Z] result ok gambit B0 2026.09.21T05:45
[LGDC 2026-09-27T15:35:23.922Z] gate-consult deny gambit B0 2026.09.21T06:00 ms-since-last=10520
[LGDC 2026-09-27T15:35:40.678Z] launch gambit B0 2026.09.21T06:00
[LGDC 2026-09-27T15:35:40.693Z] result ok gambit B0 2026.09.21T06:00
[LGDC 2026-09-27T15:35:48.952Z] gate-consult deny gambit B0 2026.09.21T06:15 ms-since-last=11118
[LGDC 2026-09-27T15:36:05.051Z] launch gambit B0 2026.09.21T06:15
[LGDC 2026-09-27T15:36:05.064Z] result ok gambit B0 2026.09.21T06:15
[LGDC 2026-09-27T15:36:13.329Z] gate-consult deny gambit B0 2026.09.21T06:30 ms-since-last=10525
[LGDC 2026-09-27T15:36:24.965Z] launch getbest EA036
[LGDC 2026-09-27T15:36:25.229Z] launch getbest PQ052
[LGDC 2026-09-27T15:36:25.482Z] launch getbest KL154
[LGDC 2026-09-27T15:36:25.746Z] launch getbest GM037
[LGDC 2026-09-27T15:36:25.999Z] launch getbest VT139
[LGDC 2026-09-27T15:36:26.253Z] launch getbest OL246
[LGDC 2026-09-27T15:36:26.505Z] launch getbest LD160
[LGDC 2026-09-27T15:36:26.759Z] launch getbest TR170
[LGDC 2026-09-27T15:36:27.016Z] launch getbest RV149
[LGDC 2026-09-27T15:36:27.272Z] launch getbest CS839
[LGDC 2026-09-27T15:36:27.525Z] launch getbest BC840
[LGDC 2026-09-27T15:36:27.714Z] gate-consult deny gambit B0 2026.09.21T06:30 ms-since-last=189
[LGDC 2026-09-27T15:36:27.778Z] launch getbest EI764
[LGDC 2026-09-27T15:36:28.031Z] launch getbest SMK29
[LGDC 2026-09-27T15:36:28.288Z] launch getbest RL052
[LGDC 2026-09-27T15:36:28.542Z] launch getbest TR0P2
[LGDC 2026-09-27T15:36:28.795Z] launch getbest PF765
[LGDC 2026-09-27T15:36:29.049Z] launch getbest RM041
[LGDC 2026-09-27T15:36:41.732Z] gate-consult deny gambit B0 2026.09.21T06:30 ms-since-last=12683
[LGDC 2026-09-27T15:36:57.904Z] launch gambit B0 2026.09.21T06:30
[LGDC 2026-09-27T15:36:57.917Z] result ok gambit B0 2026.09.21T06:30
[LGDC 2026-09-27T15:37:06.223Z] gate-consult deny gambit B0 2026.09.21T06:45 ms-since-last=10569
[LGDC 2026-09-27T15:37:22.215Z] launch gambit B0 2026.09.21T06:45
[LGDC 2026-09-27T15:37:22.324Z] result ok gambit B0 2026.09.21T06:45
[LGDC 2026-09-27T15:37:31.149Z] gate-consult deny gambit B0 2026.09.21T07:00 ms-since-last=11123
[LGDC 2026-09-27T15:37:47.361Z] launch gambit B0 2026.09.21T07:00
[LGDC 2026-09-27T15:37:47.376Z] result ok gambit B0 2026.09.21T07:00
[LGDC 2026-09-27T15:37:56.003Z] gate-consult deny gambit B0 2026.09.21T07:15 ms-since-last=10879
[LGDC 2026-09-27T15:38:12.522Z] launch gambit B0 2026.09.21T07:15
[LGDC 2026-09-27T15:38:12.536Z] result ok gambit B0 2026.09.21T07:15
[LGDC 2026-09-27T15:38:20.884Z] gate-consult deny gambit B0 2026.09.21T07:30 ms-since-last=10900
[LGDC 2026-09-27T15:38:37.848Z] launch gambit B0 2026.09.21T07:30
[LGDC 2026-09-27T15:38:37.866Z] result ok gambit B0 2026.09.21T07:30
[LGDC 2026-09-27T15:38:46.230Z] gate-consult deny gambit B0 2026.09.21T07:45 ms-since-last=11091
[LGDC 2026-09-27T15:39:02.375Z] launch gambit B0 2026.09.21T07:45
[LGDC 2026-09-27T15:39:02.389Z] result ok gambit B0 2026.09.21T07:45
[LGDC 2026-09-27T15:39:10.668Z] gate-consult deny gambit B0 2026.09.21T08:00 ms-since-last=10527
[LGDC 2026-09-27T15:39:27.139Z] launch gambit B0 2026.09.21T08:00
[LGDC 2026-09-27T15:39:27.152Z] result ok gambit B0 2026.09.21T08:00
[LGDC 2026-09-27T15:39:35.580Z] gate-consult deny gambit B0 2026.09.21T08:15 ms-since-last=10685
[LGDC 2026-09-27T15:39:51.634Z] launch gambit B0 2026.09.21T08:15
[LGDC 2026-09-27T15:39:51.648Z] result ok gambit B0 2026.09.21T08:15
[LGDC 2026-09-27T15:40:00.023Z] gate-consult deny gambit B0 2026.09.21T08:30 ms-since-last=10491
[LGDC 2026-09-27T15:40:16.065Z] launch gambit B0 2026.09.21T08:30
[LGDC 2026-09-27T15:40:16.081Z] result ok gambit B0 2026.09.21T08:30
[LGDC 2026-09-27T15:40:24.476Z] gate-consult deny gambit B0 2026.09.21T08:45 ms-since-last=10537
[LGDC 2026-09-27T15:40:40.842Z] launch gambit B0 2026.09.21T08:45
[LGDC 2026-09-27T15:40:40.855Z] result ok gambit B0 2026.09.21T08:45
[LGDC 2026-09-27T15:40:49.289Z] gate-consult deny gambit B0 2026.09.21T09:00 ms-since-last=10628
[LGDC 2026-09-27T15:41:05.842Z] launch gambit B0 2026.09.21T09:00
[LGDC 2026-09-27T15:41:05.857Z] result ok gambit B0 2026.09.21T09:00
[LGDC 2026-09-27T15:41:14.354Z] gate-consult deny gambit B0 2026.09.21T09:15 ms-since-last=10704
[LGDC 2026-09-27T15:41:24.970Z] launch getbest EB040
[LGDC 2026-09-27T15:41:25.220Z] launch getbest FF051
[LGDC 2026-09-27T15:41:25.471Z] launch getbest MZ152
[LGDC 2026-09-27T15:41:25.723Z] launch getbest AT138
[LGDC 2026-09-27T15:41:25.976Z] launch getbest AU930
[LGDC 2026-09-27T15:41:26.227Z] launch getbest TNJ20
[LGDC 2026-09-27T15:41:26.480Z] launch getbest AC843
[LGDC 2026-09-27T15:41:26.736Z] launch getbest CXM9B
[LGDC 2026-09-27T15:41:26.990Z] launch getbest LA42Q
[LGDC 2026-09-27T15:41:27.245Z] launch getbest DW41K
[LGDC 2026-09-27T15:41:27.499Z] launch getbest TO535
[LGDC 2026-09-27T15:41:27.750Z] launch getbest BLJ03
[LGDC 2026-09-27T15:41:28.000Z] launch getbest IC437
[LGDC 2026-09-27T15:41:28.253Z] launch getbest XI434
[LGDC 2026-09-27T15:41:28.472Z] gate-consult deny gambit B0 2026.09.21T09:15 ms-since-last=219
[LGDC 2026-09-27T15:41:28.512Z] launch getbest MA155
[LGDC 2026-09-27T15:41:28.774Z] launch getbest MO155
[LGDC 2026-09-27T15:41:29.029Z] launch getbest CS31K
[LGDC 2026-09-27T15:41:29.282Z] launch getbest ML10L
[LGDC 2026-09-27T15:41:29.533Z] launch getbest DH224
[LGDC 2026-09-27T15:41:29.791Z] launch getbest NDA81
[LGDC 2026-09-27T15:41:30.046Z] launch getbest MU12K
[LGDC 2026-09-27T15:41:42.548Z] gate-consult deny gambit B0 2026.09.21T09:15 ms-since-last=12502
[LGDC 2026-09-27T15:41:58.745Z] launch gambit B0 2026.09.21T09:15
[LGDC 2026-09-27T15:41:58.759Z] result ok gambit B0 2026.09.21T09:15
[LGDC 2026-09-27T15:42:07.131Z] gate-consult deny gambit B0 2026.09.21T09:30 ms-since-last=10650
[LGDC 2026-09-27T15:42:23.354Z] launch gambit B0 2026.09.21T09:30
[LGDC 2026-09-27T15:42:23.369Z] result ok gambit B0 2026.09.21T09:30
[LGDC 2026-09-27T15:42:32.191Z] gate-consult deny gambit B0 2026.09.21T09:45 ms-since-last=11039
[LGDC 2026-09-27T15:42:48.438Z] launch gambit B0 2026.09.21T09:45
[LGDC 2026-09-27T15:42:48.451Z] result ok gambit B0 2026.09.21T09:45
[LGDC 2026-09-27T15:42:56.904Z] gate-consult deny gambit B0 2026.09.21T10:00 ms-since-last=10599
[LGDC 2026-09-27T15:43:13.243Z] launch gambit B0 2026.09.21T10:00
[LGDC 2026-09-27T15:43:13.258Z] result ok gambit B0 2026.09.21T10:00
[LGDC 2026-09-27T15:43:21.677Z] gate-consult deny gambit B0 2026.09.21T10:15 ms-since-last=10762
[LGDC 2026-09-27T15:43:38.128Z] launch gambit B0 2026.09.21T10:15
[LGDC 2026-09-27T15:43:38.143Z] result ok gambit B0 2026.09.21T10:15
[LGDC 2026-09-27T15:43:46.540Z] gate-consult deny gambit B0 2026.09.21T10:30 ms-since-last=10843
[LGDC 2026-09-27T15:44:03.472Z] launch gambit B0 2026.09.21T10:30
[LGDC 2026-09-27T15:44:03.486Z] result ok gambit B0 2026.09.21T10:30
[LGDC 2026-09-27T15:44:12.006Z] gate-consult deny gambit B0 2026.09.21T10:45 ms-since-last=10806
[LGDC 2026-09-27T15:44:28.836Z] launch gambit B0 2026.09.21T10:45
[LGDC 2026-09-27T15:44:28.849Z] result ok gambit B0 2026.09.21T10:45
[LGDC 2026-09-27T15:44:37.356Z] gate-consult deny gambit B0 2026.09.21T11:00 ms-since-last=10786
[LGDC 2026-09-27T15:44:53.964Z] launch gambit B0 2026.09.21T11:00
[LGDC 2026-09-27T15:44:53.979Z] result ok gambit B0 2026.09.21T11:00
[LGDC 2026-09-27T15:45:02.420Z] gate-consult deny gambit foF2 2026.09.24T15:45 ms-since-last=10991
[LGDC 2026-09-27T15:45:18.611Z] launch gambit foF2 2026.09.24T15:45
[LGDC 2026-09-27T15:45:18.625Z] result ok gambit foF2 2026.09.24T15:45
[LGDC 2026-09-27T15:45:27.052Z] gate-consult deny gambit hmF2 2026.09.24T15:45 ms-since-last=10613
[LGDC 2026-09-27T15:45:43.615Z] launch gambit hmF2 2026.09.24T15:45
[LGDC 2026-09-27T15:45:43.630Z] result ok gambit hmF2 2026.09.24T15:45
[LGDC 2026-09-27T15:45:52.216Z] gate-consult deny gambit B0 2026.09.21T11:15 ms-since-last=10780
[LGDC 2026-09-27T15:46:08.526Z] launch gambit B0 2026.09.21T11:15
[LGDC 2026-09-27T15:46:08.540Z] result ok gambit B0 2026.09.21T11:15
[LGDC 2026-09-27T15:46:16.987Z] gate-consult deny gambit B0 2026.09.21T11:30 ms-since-last=10568
[LGDC 2026-09-27T15:46:24.984Z] launch getbest EA036
[LGDC 2026-09-27T15:46:25.238Z] launch getbest SO148
[LGDC 2026-09-27T15:46:25.493Z] launch getbest JR055
[LGDC 2026-09-27T15:46:25.748Z] launch getbest TR169
[LGDC 2026-09-27T15:46:26.013Z] launch getbest DB049
[LGDC 2026-09-27T15:46:26.267Z] launch getbest BVJ03
[LGDC 2026-09-27T15:46:26.521Z] launch getbest EG931
[LGDC 2026-09-27T15:46:26.778Z] launch getbest CAJ2M
[LGDC 2026-09-27T15:46:27.031Z] launch getbest CB53N
[LGDC 2026-09-27T15:46:27.283Z] launch getbest TV51R
[LGDC 2026-09-27T15:46:27.537Z] launch getbest GR13L
[LGDC 2026-09-27T15:46:27.792Z] launch getbest NI135
[LGDC 2026-09-27T15:46:30.980Z] gate-consult deny gambit B0 2026.09.21T11:30 ms-since-last=3188
[LGDC 2026-09-27T15:46:47.287Z] launch gambit B0 2026.09.21T11:30
[LGDC 2026-09-27T15:46:47.301Z] result ok gambit B0 2026.09.21T11:30
[LGDC 2026-09-27T15:46:55.822Z] gate-consult deny gambit B0 2026.09.21T11:45 ms-since-last=10766
[LGDC 2026-09-27T15:47:12.380Z] launch gambit B0 2026.09.21T11:45
[LGDC 2026-09-27T15:47:12.392Z] result ok gambit B0 2026.09.21T11:45
[LGDC 2026-09-27T15:47:21.050Z] gate-consult deny gambit B0 2026.09.21T12:00 ms-since-last=10895
[LGDC 2026-09-27T15:47:37.360Z] launch gambit B0 2026.09.21T12:00
[LGDC 2026-09-27T15:47:37.373Z] result ok gambit B0 2026.09.21T12:00
[LGDC 2026-09-27T15:47:45.830Z] gate-consult deny gambit B0 2026.09.21T12:15 ms-since-last=10642
[LGDC 2026-09-27T15:48:02.117Z] launch gambit B0 2026.09.21T12:15
[LGDC 2026-09-27T15:48:02.130Z] result ok gambit B0 2026.09.21T12:15
[LGDC 2026-09-27T15:48:10.587Z] gate-consult deny gambit B0 2026.09.21T12:30 ms-since-last=10689
[LGDC 2026-09-27T15:48:27.002Z] launch gambit B0 2026.09.21T12:30
[LGDC 2026-09-27T15:48:27.015Z] result ok gambit B0 2026.09.21T12:30
[LGDC 2026-09-27T15:48:35.500Z] gate-consult deny gambit B0 2026.09.21T12:45 ms-since-last=10883
[LGDC 2026-09-27T15:48:52.191Z] launch gambit B0 2026.09.21T12:45
[LGDC 2026-09-27T15:48:52.205Z] result ok gambit B0 2026.09.21T12:45
[LGDC 2026-09-27T15:49:02.024Z] gate-consult deny gambit B0 2026.09.21T13:00 ms-since-last=12068
[LGDC 2026-09-27T15:49:20.703Z] launch gambit B0 2026.09.21T13:00
[LGDC 2026-09-27T15:49:20.720Z] result ok gambit B0 2026.09.21T13:00
[LGDC 2026-09-27T15:49:30.411Z] gate-consult deny gambit B0 2026.09.21T13:15 ms-since-last=11859
[LGDC 2026-09-27T15:49:46.740Z] launch gambit B0 2026.09.21T13:15
[LGDC 2026-09-27T15:49:46.754Z] result ok gambit B0 2026.09.21T13:15
[LGDC 2026-09-27T15:49:55.321Z] gate-consult deny gambit B0 2026.09.21T13:30 ms-since-last=10873
[LGDC 2026-09-27T15:50:12.139Z] launch gambit B0 2026.09.21T13:30
[LGDC 2026-09-27T15:50:12.153Z] result ok gambit B0 2026.09.21T13:30
[LGDC 2026-09-27T15:50:20.674Z] gate-consult deny gambit B0 2026.09.21T13:45 ms-since-last=10680
[LGDC 2026-09-27T15:50:37.430Z] launch gambit B0 2026.09.21T13:45
[LGDC 2026-09-27T15:50:37.443Z] result ok gambit B0 2026.09.21T13:45
[LGDC 2026-09-27T15:50:46.110Z] gate-consult deny gambit B0 2026.09.21T14:00 ms-since-last=10958
[LGDC 2026-09-27T15:51:02.503Z] launch gambit B0 2026.09.21T14:00
[LGDC 2026-09-27T15:51:02.517Z] result ok gambit B0 2026.09.21T14:00
[LGDC 2026-09-27T15:51:11.113Z] gate-consult deny gambit B0 2026.09.21T14:15 ms-since-last=10780
[LGDC 2026-09-27T15:51:25.046Z] launch getbest EB040
[LGDC 2026-09-27T15:51:25.290Z] gate-consult deny gambit B0 2026.09.21T14:15 ms-since-last=244
[LGDC 2026-09-27T15:51:25.312Z] launch getbest GM037
[LGDC 2026-09-27T15:51:25.556Z] launch getbest FF051
[LGDC 2026-09-27T15:51:25.809Z] launch getbest AT138
[LGDC 2026-09-27T15:51:26.062Z] launch getbest PQ052
[LGDC 2026-09-27T15:51:26.313Z] launch getbest MZ152
[LGDC 2026-09-27T15:51:26.564Z] launch getbest PF765
[LGDC 2026-09-27T15:51:26.816Z] launch getbest RM041
[LGDC 2026-09-27T15:51:27.066Z] launch getbest TR0P2
[LGDC 2026-09-27T15:51:27.325Z] launch getbest VT139
[LGDC 2026-09-27T15:51:39.575Z] gate-consult deny gambit B0 2026.09.21T14:15 ms-since-last=12250
[LGDC 2026-09-27T15:51:55.801Z] launch gambit B0 2026.09.21T14:15
[LGDC 2026-09-27T15:51:55.816Z] result ok gambit B0 2026.09.21T14:15
[LGDC 2026-09-27T15:52:04.899Z] gate-consult deny gambit B0 2026.09.21T14:30 ms-since-last=11258
[LGDC 2026-09-27T15:52:21.431Z] launch gambit B0 2026.09.21T14:30
[LGDC 2026-09-27T15:52:21.445Z] result ok gambit B0 2026.09.21T14:30
[LGDC 2026-09-27T15:52:30.026Z] gate-consult deny gambit B0 2026.09.21T14:45 ms-since-last=10842
[LGDC 2026-09-27T15:52:46.440Z] launch gambit B0 2026.09.21T14:45
[LGDC 2026-09-27T15:52:46.454Z] result ok gambit B0 2026.09.21T14:45
[LGDC 2026-09-27T15:52:55.028Z] gate-consult deny gambit B0 2026.09.21T15:00 ms-since-last=10849
[LGDC 2026-09-27T15:53:11.704Z] launch gambit B0 2026.09.21T15:00
[LGDC 2026-09-27T15:53:11.718Z] result ok gambit B0 2026.09.21T15:00
[LGDC 2026-09-27T15:53:20.270Z] gate-consult deny gambit B0 2026.09.21T15:15 ms-since-last=11090
[LGDC 2026-09-27T15:53:37.203Z] launch gambit B0 2026.09.21T15:15
[LGDC 2026-09-27T15:53:37.217Z] result ok gambit B0 2026.09.21T15:15
[LGDC 2026-09-27T15:53:45.934Z] gate-consult deny gambit B0 2026.09.21T15:30 ms-since-last=11250
[LGDC 2026-09-27T15:54:04.567Z] launch gambit B0 2026.09.21T15:30
[LGDC 2026-09-27T15:54:04.581Z] result ok gambit B0 2026.09.21T15:30
[LGDC 2026-09-27T15:54:20.597Z] launch gambit B0 2026.09.21T15:45
[LGDC 2026-09-27T15:54:20.613Z] result ok gambit B0 2026.09.21T15:45
[LGDC 2026-09-27T15:54:31.302Z] gate-consult deny gambit B0 2026.09.21T16:00 ms-since-last=13316
[LGDC 2026-09-27T15:54:52.190Z] launch gambit B0 2026.09.21T16:00
[LGDC 2026-09-27T15:54:52.204Z] result ok gambit B0 2026.09.21T16:00
[LGDC 2026-09-27T15:55:01.490Z] gate-consult deny gambit B0 2026.09.21T16:15 ms-since-last=13107
[LGDC 2026-09-27T15:55:18.696Z] launch gambit B0 2026.09.21T16:15
[LGDC 2026-09-27T15:55:18.710Z] result ok gambit B0 2026.09.21T16:15
[LGDC 2026-09-27T15:55:27.680Z] gate-consult deny gambit B0 2026.09.21T16:30 ms-since-last=11479
[LGDC 2026-09-27T15:55:45.098Z] launch gambit B0 2026.09.21T16:30
[LGDC 2026-09-27T15:55:45.112Z] result ok gambit B0 2026.09.21T16:30
[LGDC 2026-09-27T15:55:55.248Z] gate-consult deny gambit B0 2026.09.21T16:45 ms-since-last=12427
[LGDC 2026-09-27T15:56:12.169Z] launch gambit B0 2026.09.21T16:45
[LGDC 2026-09-27T15:56:12.187Z] result ok gambit B0 2026.09.21T16:45
[LGDC 2026-09-27T15:56:23.573Z] gate-consult deny gambit B0 2026.09.21T17:00 ms-since-last=13555
[LGDC 2026-09-27T15:56:25.054Z] launch getbest EA036
[LGDC 2026-09-27T15:56:25.306Z] launch getbest KI167
[LGDC 2026-09-27T15:56:25.564Z] launch getbest JR055
[LGDC 2026-09-27T15:56:25.815Z] launch getbest SO148
[LGDC 2026-09-27T15:56:28.137Z] launch getbest TR169
[LGDC 2026-09-27T15:56:28.395Z] launch getbest DW41K
[LGDC 2026-09-27T15:56:40.106Z] gate-consult deny gambit B0 2026.09.21T17:00 ms-since-last=11711
[LGDC 2026-09-27T15:56:57.774Z] launch gambit B0 2026.09.21T17:00
[LGDC 2026-09-27T15:56:57.792Z] result ok gambit B0 2026.09.21T17:00
[LGDC 2026-09-27T15:57:08.004Z] gate-consult deny gambit B0 2026.09.21T17:15 ms-since-last=12367
[LGDC 2026-09-27T15:57:25.317Z] launch gambit B0 2026.09.21T17:15
[LGDC 2026-09-27T15:57:25.329Z] result ok gambit B0 2026.09.21T17:15
[LGDC 2026-09-27T15:57:34.447Z] gate-consult deny gambit B0 2026.09.21T17:30 ms-since-last=11386
[LGDC 2026-09-27T15:57:51.152Z] launch gambit B0 2026.09.21T17:30
[LGDC 2026-09-27T15:57:51.166Z] result ok gambit B0 2026.09.21T17:30
[LGDC 2026-09-27T15:58:00.296Z] gate-consult deny gambit B0 2026.09.21T17:45 ms-since-last=11285
[LGDC 2026-09-27T15:58:17.521Z] launch gambit B0 2026.09.21T17:45
[LGDC 2026-09-27T15:58:17.537Z] result ok gambit B0 2026.09.21T17:45
[LGDC 2026-09-27T15:58:26.517Z] gate-consult deny gambit B0 2026.09.21T18:00 ms-since-last=11237
[LGDC 2026-09-27T15:58:43.161Z] launch gambit B0 2026.09.21T18:00
[LGDC 2026-09-27T15:58:43.174Z] result ok gambit B0 2026.09.21T18:00
[LGDC 2026-09-27T15:58:52.679Z] gate-consult deny gambit B0 2026.09.21T18:15 ms-since-last=11666
[LGDC 2026-09-27T15:59:09.038Z] launch gambit B0 2026.09.21T18:15
[LGDC 2026-09-27T15:59:09.065Z] result ok gambit B0 2026.09.21T18:15
[LGDC 2026-09-27T15:59:16.462Z] gate-consult deny gambit B0 2026.09.21T18:30 ms-since-last=9652
[LGDC 2026-09-27T15:59:31.227Z] launch gambit B0 2026.09.21T18:30
[LGDC 2026-09-27T15:59:31.268Z] result ok gambit B0 2026.09.21T18:30
[LGDC 2026-09-27T15:59:38.454Z] gate-consult deny gambit B0 2026.09.21T18:45 ms-since-last=9487
[LGDC 2026-09-27T15:59:54.894Z] launch gambit B0 2026.09.21T18:45
[LGDC 2026-09-27T15:59:54.908Z] result ok gambit B0 2026.09.21T18:45
[LGDC 2026-09-27T16:00:04.581Z] gate-consult deny gambit foF2 2026.09.24T16:00 ms-since-last=11825
[LGDC 2026-09-27T16:00:22.034Z] launch gambit foF2 2026.09.24T16:00
[LGDC 2026-09-27T16:00:22.048Z] result ok gambit foF2 2026.09.24T16:00
[LGDC 2026-09-27T16:00:31.875Z] gate-consult deny gambit hmF2 2026.09.24T16:00 ms-since-last=12016
[LGDC 2026-09-27T16:00:49.219Z] launch gambit hmF2 2026.09.24T16:00
[LGDC 2026-09-27T16:00:49.236Z] result ok gambit hmF2 2026.09.24T16:00
[LGDC 2026-09-27T16:00:58.712Z] gate-consult deny gambit B0 2026.09.21T19:00 ms-since-last=11758
[LGDC 2026-09-27T16:01:15.969Z] launch gambit B0 2026.09.21T19:00
[LGDC 2026-09-27T16:01:15.982Z] result ok gambit B0 2026.09.21T19:00
[LGDC 2026-09-27T16:01:25.064Z] launch getbest EB040
[LGDC 2026-09-27T16:01:25.320Z] launch getbest FF051
[LGDC 2026-09-27T16:01:25.485Z] gate-consult deny gambit B0 2026.09.21T19:15 ms-since-last=165
[LGDC 2026-09-27T16:01:25.572Z] launch getbest AT138
[LGDC 2026-09-27T16:01:25.827Z] launch getbest GM037
[LGDC 2026-09-27T16:01:26.082Z] launch getbest DB049
[LGDC 2026-09-27T16:01:26.335Z] launch getbest EG931
[LGDC 2026-09-27T16:01:26.599Z] launch getbest BVJ03
[LGDC 2026-09-27T16:01:26.853Z] launch getbest CAJ2M
[LGDC 2026-09-27T16:01:27.107Z] launch getbest NI135
[LGDC 2026-09-27T16:01:27.359Z] launch getbest CB53N
[LGDC 2026-09-27T16:01:27.612Z] launch getbest TV51R
[LGDC 2026-09-27T16:01:27.868Z] launch getbest GR13L
[LGDC 2026-09-27T16:01:40.928Z] gate-consult deny gambit B0 2026.09.21T19:15 ms-since-last=13060
[LGDC 2026-09-27T16:01:58.035Z] launch gambit B0 2026.09.21T19:15
[LGDC 2026-09-27T16:01:58.062Z] result ok gambit B0 2026.09.21T19:15
[LGDC 2026-09-27T16:02:05.031Z] gate-consult deny gambit B0 2026.09.21T19:30 ms-since-last=9286
[LGDC 2026-09-27T16:02:20.040Z] launch gambit B0 2026.09.21T19:30
[LGDC 2026-09-27T16:02:20.178Z] result ok gambit B0 2026.09.21T19:30
[LGDC 2026-09-27T16:02:26.447Z] gate-consult deny gambit B0 2026.09.21T19:45 ms-since-last=8627
[LGDC 2026-09-27T16:02:40.916Z] launch gambit B0 2026.09.21T19:45
[LGDC 2026-09-27T16:02:40.936Z] result ok gambit B0 2026.09.21T19:45
[LGDC 2026-09-27T16:02:49.061Z] gate-consult deny gambit B0 2026.09.21T20:00 ms-since-last=10354
[LGDC 2026-09-27T16:03:04.815Z] launch gambit B0 2026.09.21T20:00
[LGDC 2026-09-27T16:03:04.832Z] result ok gambit B0 2026.09.21T20:00
[LGDC 2026-09-27T16:03:12.088Z] gate-consult deny gambit B0 2026.09.21T20:15 ms-since-last=9526
[LGDC 2026-09-27T16:03:31.222Z] launch gambit B0 2026.09.21T20:15
[LGDC 2026-09-27T16:03:31.248Z] result ok gambit B0 2026.09.21T20:15
[LGDC 2026-09-27T16:03:39.007Z] gate-consult deny gambit B0 2026.09.21T20:30 ms-since-last=10504
[LGDC 2026-09-27T16:03:54.488Z] result fail gambit B0 2026.09.21T20:30 red/pre-gate
[LGDC 2026-09-27T16:04:06.755Z] gate-consult deny gambit B0 2026.09.21T20:30 ms-since-last=13086
[LGDC 2026-09-27T16:04:22.607Z] launch gambit B0 2026.09.21T20:30
[LGDC 2026-09-27T16:04:22.624Z] result ok gambit B0 2026.09.21T20:30
[LGDC 2026-09-27T16:04:32.951Z] gate-consult deny gambit B0 2026.09.21T20:45 ms-since-last=12565
[LGDC 2026-09-27T16:04:48.381Z] launch gambit B0 2026.09.21T20:45
[LGDC 2026-09-27T16:04:48.399Z] result ok gambit B0 2026.09.21T20:45
[LGDC 2026-09-27T16:04:57.979Z] gate-consult deny gambit B0 2026.09.21T21:00 ms-since-last=11834
[LGDC 2026-09-27T16:05:28.181Z] launch gambit B0 2026.09.21T21:00
[LGDC 2026-09-27T16:05:28.204Z] result ok gambit B0 2026.09.21T21:00
[LGDC 2026-09-27T16:05:36.790Z] gate-consult deny gambit B0 2026.09.21T21:15 ms-since-last=10912
[LGDC 2026-09-27T16:05:52.233Z] launch gambit B0 2026.09.21T21:15
[LGDC 2026-09-27T16:05:52.261Z] result ok gambit B0 2026.09.21T21:15
[LGDC 2026-09-27T16:05:59.034Z] gate-consult deny gambit B0 2026.09.21T21:30 ms-since-last=8998
[LGDC 2026-09-27T16:06:14.714Z] launch gambit B0 2026.09.21T21:30
[LGDC 2026-09-27T16:06:14.732Z] result ok gambit B0 2026.09.21T21:30
[LGDC 2026-09-27T16:06:25.070Z] launch getbest EA036
[LGDC 2026-09-27T16:06:25.156Z] gate-consult deny gambit B0 2026.09.21T21:45 ms-since-last=86
[LGDC 2026-09-27T16:06:25.333Z] launch getbest JR055
[LGDC 2026-09-27T16:06:25.588Z] launch getbest KL154
[LGDC 2026-09-27T16:06:25.838Z] launch getbest PQ052
[LGDC 2026-09-27T16:06:26.088Z] launch getbest VT139
[LGDC 2026-09-27T16:06:26.353Z] launch getbest SO148
[LGDC 2026-09-27T16:06:26.606Z] launch getbest MZ152
[LGDC 2026-09-27T16:06:26.859Z] launch getbest PF765
[LGDC 2026-09-27T16:06:27.113Z] launch getbest RM041
[LGDC 2026-09-27T16:06:27.366Z] launch getbest TR0P2
[LGDC 2026-09-27T16:06:40.108Z] gate-consult deny gambit B0 2026.09.21T21:45 ms-since-last=12742
[LGDC 2026-09-27T16:06:57.473Z] launch gambit B0 2026.09.21T21:45
[LGDC 2026-09-27T16:06:57.490Z] result ok gambit B0 2026.09.21T21:45
[LGDC 2026-09-27T16:07:07.565Z] gate-consult deny gambit B0 2026.09.21T22:00 ms-since-last=12492
[LGDC 2026-09-27T16:07:25.529Z] launch gambit B0 2026.09.21T22:00
[LGDC 2026-09-27T16:07:25.544Z] result ok gambit B0 2026.09.21T22:00
[LGDC 2026-09-27T16:07:35.125Z] gate-consult deny gambit B0 2026.09.21T22:15 ms-since-last=11995
[LGDC 2026-09-27T16:07:52.655Z] launch gambit B0 2026.09.21T22:15
[LGDC 2026-09-27T16:07:52.670Z] result ok gambit B0 2026.09.21T22:15
[LGDC 2026-09-27T16:08:02.541Z] gate-consult deny gambit B0 2026.09.21T22:30 ms-since-last=12247
[LGDC 2026-09-27T16:08:20.583Z] launch gambit B0 2026.09.21T22:30
[LGDC 2026-09-27T16:08:20.597Z] result ok gambit B0 2026.09.21T22:30
[LGDC 2026-09-27T16:08:31.078Z] gate-consult deny gambit B0 2026.09.21T22:45 ms-since-last=12700
[LGDC 2026-09-27T16:08:51.046Z] launch gambit B0 2026.09.21T22:45
[LGDC 2026-09-27T16:08:51.065Z] result ok gambit B0 2026.09.21T22:45
[LGDC 2026-09-27T16:09:10.505Z] launch gambit B0 2026.09.21T23:00
[LGDC 2026-09-27T16:09:10.526Z] result ok gambit B0 2026.09.21T23:00
[LGDC 2026-09-27T16:09:25.901Z] launch gambit B0 2026.09.21T23:15
[LGDC 2026-09-27T16:09:25.922Z] result ok gambit B0 2026.09.21T23:15
[LGDC 2026-09-27T16:09:37.668Z] gate-consult deny gambit B0 2026.09.21T23:30 ms-since-last=14997
[LGDC 2026-09-27T16:09:58.906Z] launch gambit B0 2026.09.21T23:30
[LGDC 2026-09-27T16:09:58.924Z] result ok gambit B0 2026.09.21T23:30
[LGDC 2026-09-27T16:10:13.902Z] launch gambit B0 2026.09.21T23:45
[LGDC 2026-09-27T16:10:13.919Z] result ok gambit B0 2026.09.21T23:45
[LGDC 2026-09-27T16:10:25.390Z] gate-consult deny gambit B0 2026.09.22T00:00 ms-since-last=14735
[LGDC 2026-09-27T16:10:45.911Z] launch gambit B0 2026.09.22T00:00
[LGDC 2026-09-27T16:10:45.928Z] result ok gambit B0 2026.09.22T00:00
[LGDC 2026-09-27T16:10:56.676Z] gate-consult deny gambit B0 2026.09.22T00:15 ms-since-last=14626
[LGDC 2026-09-27T16:11:17.929Z] launch gambit B0 2026.09.22T00:15
[LGDC 2026-09-27T16:11:17.947Z] result ok gambit B0 2026.09.22T00:15
[LGDC 2026-09-27T16:11:33.670Z] launch gambit B0 2026.09.22T00:30
[LGDC 2026-09-27T16:11:33.687Z] result ok gambit B0 2026.09.22T00:30
[LGDC 2026-09-27T16:11:50.923Z] launch gambit B0 2026.09.22T00:45
[LGDC 2026-09-27T16:11:50.946Z] result ok gambit B0 2026.09.22T00:45
[LGDC 2026-09-27T16:12:07.916Z] launch gambit B0 2026.09.22T01:00
[LGDC 2026-09-27T16:12:07.933Z] result ok gambit B0 2026.09.22T01:00
[LGDC 2026-09-27T16:12:24.934Z] launch gambit B0 2026.09.22T01:15
[LGDC 2026-09-27T16:12:24.952Z] result ok gambit B0 2026.09.22T01:15
[LGDC 2026-09-27T16:12:41.951Z] launch gambit B0 2026.09.22T01:30
[LGDC 2026-09-27T16:12:41.969Z] result ok gambit B0 2026.09.22T01:30
[LGDC 2026-09-27T16:12:58.929Z] launch gambit B0 2026.09.22T01:45
[LGDC 2026-09-27T16:12:58.946Z] result ok gambit B0 2026.09.22T01:45
[LGDC 2026-09-27T16:13:10.331Z] gate-consult deny gambit B0 2026.09.22T02:00 ms-since-last=14768
[LGDC 2026-09-27T16:13:32.931Z] launch gambit B0 2026.09.22T02:00
[LGDC 2026-09-27T16:13:32.948Z] result ok gambit B0 2026.09.22T02:00
[LGDC 2026-09-27T16:13:47.931Z] launch gambit B0 2026.09.22T02:15
[LGDC 2026-09-27T16:13:47.947Z] result ok gambit B0 2026.09.22T02:15
[LGDC 2026-09-27T16:14:05.938Z] launch gambit B0 2026.09.22T02:30
[LGDC 2026-09-27T16:14:05.956Z] result ok gambit B0 2026.09.22T02:30
[LGDC 2026-09-27T16:14:20.361Z] launch gambit B0 2026.09.22T02:45
[LGDC 2026-09-27T16:14:20.378Z] result ok gambit B0 2026.09.22T02:45
[LGDC 2026-09-27T16:14:37.753Z] launch gambit B0 2026.09.22T03:00
[LGDC 2026-09-27T16:14:37.777Z] result ok gambit B0 2026.09.22T03:00
[LGDC 2026-09-27T16:14:58.597Z] launch gambit B0 2026.09.22T03:15
[LGDC 2026-09-27T16:14:58.618Z] result ok gambit B0 2026.09.22T03:15
[LGDC 2026-09-27T16:15:13.678Z] launch gambit foF2 2026.09.24T16:15
[LGDC 2026-09-27T16:15:13.695Z] result ok gambit foF2 2026.09.24T16:15
[LGDC 2026-09-27T16:15:24.501Z] gate-consult deny gambit hmF2 2026.09.24T16:15 ms-since-last=12984
[LGDC 2026-09-27T16:15:42.544Z] launch gambit hmF2 2026.09.24T16:15
[LGDC 2026-09-27T16:15:42.561Z] result ok gambit hmF2 2026.09.24T16:15
[LGDC 2026-09-27T16:15:52.766Z] gate-consult deny gambit B0 2026.09.22T03:30 ms-since-last=12360
[LGDC 2026-09-27T16:16:10.727Z] launch gambit B0 2026.09.22T03:30
[LGDC 2026-09-27T16:16:10.743Z] result ok gambit B0 2026.09.22T03:30
[LGDC 2026-09-27T16:16:20.798Z] gate-consult deny gambit B0 2026.09.22T03:45 ms-since-last=12246
[LGDC 2026-09-27T16:16:38.211Z] launch gambit B0 2026.09.22T03:45
[LGDC 2026-09-27T16:16:38.226Z] result ok gambit B0 2026.09.22T03:45
[LGDC 2026-09-27T16:16:48.184Z] gate-consult deny gambit B0 2026.09.22T04:00 ms-since-last=12012
[LGDC 2026-09-27T16:17:05.734Z] launch gambit B0 2026.09.22T04:00
[LGDC 2026-09-27T16:17:05.748Z] result ok gambit B0 2026.09.22T04:00
[LGDC 2026-09-27T16:17:22.258Z] launch gambit B0 2026.09.22T04:15
[LGDC 2026-09-27T16:17:22.276Z] result ok gambit B0 2026.09.22T04:15
[LGDC 2026-09-27T16:17:37.455Z] launch gambit B0 2026.09.22T04:30
[LGDC 2026-09-27T16:17:37.473Z] result ok gambit B0 2026.09.22T04:30
[LGDC 2026-09-27T16:17:53.670Z] launch gambit B0 2026.09.22T04:45
[LGDC 2026-09-27T16:17:53.692Z] result ok gambit B0 2026.09.22T04:45
[LGDC 2026-09-27T16:18:09.090Z] launch gambit B0 2026.09.22T05:00
[LGDC 2026-09-27T16:18:09.107Z] result ok gambit B0 2026.09.22T05:00
[LGDC 2026-09-27T16:18:27.273Z] launch gambit B0 2026.09.22T05:15
[LGDC 2026-09-27T16:18:27.293Z] result ok gambit B0 2026.09.22T05:15
[LGDC 2026-09-27T16:18:43.764Z] launch gambit B0 2026.09.22T05:30
[LGDC 2026-09-27T16:18:43.782Z] result ok gambit B0 2026.09.22T05:30
[LGDC 2026-09-27T16:19:04.129Z] launch gambit B0 2026.09.22T05:45
[LGDC 2026-09-27T16:19:04.152Z] result ok gambit B0 2026.09.22T05:45
[LGDC 2026-09-27T16:19:21.323Z] launch gambit B0 2026.09.22T06:00
[LGDC 2026-09-27T16:19:21.342Z] result ok gambit B0 2026.09.22T06:00
[LGDC 2026-09-27T16:19:37.691Z] launch gambit B0 2026.09.22T06:15
[LGDC 2026-09-27T16:19:37.708Z] result ok gambit B0 2026.09.22T06:15
[LGDC 2026-09-27T16:19:55.257Z] launch gambit B0 2026.09.22T06:30
[LGDC 2026-09-27T16:19:55.275Z] result ok gambit B0 2026.09.22T06:30
[LGDC 2026-09-27T16:20:13.508Z] launch gambit B0 2026.09.22T06:45
[LGDC 2026-09-27T16:20:13.527Z] result ok gambit B0 2026.09.22T06:45
[LGDC 2026-09-27T16:20:30.468Z] launch gambit B0 2026.09.22T07:00
[LGDC 2026-09-27T16:20:30.485Z] result ok gambit B0 2026.09.22T07:00
[LGDC 2026-09-27T16:20:47.864Z] launch gambit B0 2026.09.22T07:15
[LGDC 2026-09-27T16:20:47.883Z] result ok gambit B0 2026.09.22T07:15
[LGDC 2026-09-27T16:21:06.052Z] launch gambit B0 2026.09.22T07:30
[LGDC 2026-09-27T16:21:06.071Z] result ok gambit B0 2026.09.22T07:30
[LGDC 2026-09-27T16:21:24.590Z] launch gambit B0 2026.09.22T07:45
[LGDC 2026-09-27T16:21:24.613Z] result ok gambit B0 2026.09.22T07:45
[LGDC 2026-09-27T16:21:40.687Z] launch gambit B0 2026.09.22T08:00
[LGDC 2026-09-27T16:21:40.711Z] result ok gambit B0 2026.09.22T08:00
[LGDC 2026-09-27T16:21:56.913Z] launch gambit B0 2026.09.22T08:15
[LGDC 2026-09-27T16:21:56.931Z] result ok gambit B0 2026.09.22T08:15
[LGDC 2026-09-27T16:22:12.855Z] launch gambit B0 2026.09.22T08:30
[LGDC 2026-09-27T16:22:12.874Z] result ok gambit B0 2026.09.22T08:30
[LGDC 2026-09-27T16:22:28.629Z] launch gambit B0 2026.09.22T08:45
[LGDC 2026-09-27T16:22:28.647Z] result ok gambit B0 2026.09.22T08:45
[LGDC 2026-09-27T16:22:44.744Z] launch gambit B0 2026.09.22T09:00
[LGDC 2026-09-27T16:22:44.763Z] result ok gambit B0 2026.09.22T09:00
[LGDC 2026-09-27T16:23:01.590Z] launch gambit B0 2026.09.22T09:15
[LGDC 2026-09-27T16:23:01.609Z] result ok gambit B0 2026.09.22T09:15
[LGDC 2026-09-27T16:23:18.521Z] launch gambit B0 2026.09.22T09:30
[LGDC 2026-09-27T16:23:18.542Z] result ok gambit B0 2026.09.22T09:30
[LGDC 2026-09-27T16:23:36.470Z] launch gambit B0 2026.09.22T09:45
[LGDC 2026-09-27T16:23:36.490Z] result ok gambit B0 2026.09.22T09:45
[LGDC 2026-09-27T16:23:52.131Z] launch gambit B0 2026.09.22T10:00
[LGDC 2026-09-27T16:23:52.149Z] result ok gambit B0 2026.09.22T10:00
[LGDC 2026-09-27T16:24:07.649Z] launch gambit B0 2026.09.22T10:15
[LGDC 2026-09-27T16:24:07.667Z] result ok gambit B0 2026.09.22T10:15
[LGDC 2026-09-27T16:24:23.303Z] launch gambit B0 2026.09.22T10:30
[LGDC 2026-09-27T16:24:23.321Z] result ok gambit B0 2026.09.22T10:30
[LGDC 2026-09-27T16:24:38.869Z] launch gambit B0 2026.09.22T10:45
[LGDC 2026-09-27T16:24:38.889Z] result ok gambit B0 2026.09.22T10:45
[LGDC 2026-09-27T16:24:55.346Z] launch gambit B0 2026.09.22T11:00
[LGDC 2026-09-27T16:24:55.365Z] result ok gambit B0 2026.09.22T11:00
[LGDC 2026-09-27T16:25:11.344Z] launch gambit B0 2026.09.22T11:15
[LGDC 2026-09-27T16:25:11.362Z] result ok gambit B0 2026.09.22T11:15
[LGDC 2026-09-27T16:25:27.045Z] launch gambit B0 2026.09.22T11:30
[LGDC 2026-09-27T16:25:27.063Z] result ok gambit B0 2026.09.22T11:30
[LGDC 2026-09-27T16:25:46.968Z] launch gambit B0 2026.09.22T11:45
[LGDC 2026-09-27T16:25:46.984Z] result ok gambit B0 2026.09.22T11:45
[LGDC 2026-09-27T16:26:25.769Z] launch gambit B0 2026.09.22T12:00
[LGDC 2026-09-27T16:26:25.790Z] result ok gambit B0 2026.09.22T12:00
[LGDC 2026-09-27T16:26:45.808Z] launch gambit B0 2026.09.22T12:15
[LGDC 2026-09-27T16:26:45.835Z] result ok gambit B0 2026.09.22T12:15
[LGDC 2026-09-27T16:27:04.942Z] launch gambit B0 2026.09.22T12:30
[LGDC 2026-09-27T16:27:04.962Z] result ok gambit B0 2026.09.22T12:30
[LGDC 2026-09-27T16:27:24.975Z] launch gambit B0 2026.09.22T12:45
[LGDC 2026-09-27T16:27:25.000Z] result ok gambit B0 2026.09.22T12:45
[LGDC 2026-09-27T16:27:44.595Z] launch gambit B0 2026.09.22T13:00
[LGDC 2026-09-27T16:27:44.613Z] result ok gambit B0 2026.09.22T13:00
[LGDC 2026-09-27T16:28:01.723Z] launch gambit B0 2026.09.22T13:15
[LGDC 2026-09-27T16:28:01.742Z] result ok gambit B0 2026.09.22T13:15
[LGDC 2026-09-27T16:28:23.880Z] launch gambit B0 2026.09.22T13:30
[LGDC 2026-09-27T16:28:23.904Z] result ok gambit B0 2026.09.22T13:30
[LGDC 2026-09-27T16:28:45.911Z] launch gambit B0 2026.09.22T13:45
[LGDC 2026-09-27T16:28:45.928Z] result ok gambit B0 2026.09.22T13:45
[LGDC 2026-09-27T16:29:01.415Z] launch gambit B0 2026.09.22T14:00
[LGDC 2026-09-27T16:29:01.439Z] result ok gambit B0 2026.09.22T14:00
[LGDC 2026-09-27T16:29:18.225Z] launch gambit B0 2026.09.22T14:15
[LGDC 2026-09-27T16:29:18.244Z] result ok gambit B0 2026.09.22T14:15
[LGDC 2026-09-27T16:29:34.817Z] launch gambit B0 2026.09.22T14:30
[LGDC 2026-09-27T16:29:34.833Z] result ok gambit B0 2026.09.22T14:30
[LGDC 2026-09-27T16:29:44.964Z] gate-consult deny gambit B0 2026.09.22T14:45 ms-since-last=12376
[LGDC 2026-09-27T16:30:02.875Z] launch gambit B0 2026.09.22T14:45
[LGDC 2026-09-27T16:30:02.891Z] result ok gambit B0 2026.09.22T14:45
[LGDC 2026-09-27T16:30:13.113Z] gate-consult deny gambit foF2 2026.09.24T16:30 ms-since-last=12448
[LGDC 2026-09-27T16:30:32.700Z] launch gambit foF2 2026.09.24T16:30
[LGDC 2026-09-27T16:30:32.715Z] result ok gambit foF2 2026.09.24T16:30
[LGDC 2026-09-27T16:30:43.469Z] gate-consult deny gambit hmF2 2026.09.24T16:30 ms-since-last=13211
[LGDC 2026-09-27T16:31:01.919Z] launch gambit hmF2 2026.09.24T16:30
[LGDC 2026-09-27T16:31:01.935Z] result ok gambit hmF2 2026.09.24T16:30
[LGDC 2026-09-27T16:31:12.715Z] gate-consult deny gambit B0 2026.09.22T15:00 ms-since-last=13108
[LGDC 2026-09-27T16:31:31.577Z] launch gambit B0 2026.09.22T15:00
[LGDC 2026-09-27T16:31:31.590Z] result ok gambit B0 2026.09.22T15:00
[LGDC 2026-09-27T16:31:42.279Z] gate-consult deny gambit B0 2026.09.22T15:15 ms-since-last=12984
[LGDC 2026-09-27T16:32:00.678Z] launch gambit B0 2026.09.22T15:15
[LGDC 2026-09-27T16:32:00.695Z] result ok gambit B0 2026.09.22T15:15
[LGDC 2026-09-27T16:32:11.464Z] gate-consult deny gambit B0 2026.09.22T15:30 ms-since-last=12997
[LGDC 2026-09-27T16:32:29.838Z] launch gambit B0 2026.09.22T15:30
[LGDC 2026-09-27T16:32:29.853Z] result ok gambit B0 2026.09.22T15:30
[LGDC 2026-09-27T16:32:41.052Z] gate-consult deny gambit B0 2026.09.22T15:45 ms-since-last=13393
[LGDC 2026-09-27T16:32:59.492Z] launch gambit B0 2026.09.22T15:45
[LGDC 2026-09-27T16:32:59.507Z] result ok gambit B0 2026.09.22T15:45
[LGDC 2026-09-27T16:33:10.307Z] gate-consult deny gambit B0 2026.09.22T16:00 ms-since-last=13047
[LGDC 2026-09-27T16:33:28.987Z] launch gambit B0 2026.09.22T16:00
[LGDC 2026-09-27T16:33:29.003Z] result ok gambit B0 2026.09.22T16:00
[LGDC 2026-09-27T16:33:39.774Z] gate-consult deny gambit B0 2026.09.22T16:15 ms-since-last=13080
[LGDC 2026-09-27T16:33:58.916Z] launch gambit B0 2026.09.22T16:15
[LGDC 2026-09-27T16:33:58.931Z] result ok gambit B0 2026.09.22T16:15
[LGDC 2026-09-27T16:34:09.689Z] gate-consult deny gambit B0 2026.09.22T16:30 ms-since-last=13553
[LGDC 2026-09-27T16:34:28.088Z] launch gambit B0 2026.09.22T16:30
[LGDC 2026-09-27T16:34:28.105Z] result ok gambit B0 2026.09.22T16:30
[LGDC 2026-09-27T16:34:38.844Z] gate-consult deny gambit B0 2026.09.22T16:45 ms-since-last=13002
[LGDC 2026-09-27T16:34:57.333Z] launch gambit B0 2026.09.22T16:45
[LGDC 2026-09-27T16:34:57.349Z] result ok gambit B0 2026.09.22T16:45
[LGDC 2026-09-27T16:35:08.790Z] gate-consult deny gambit B0 2026.09.22T17:00 ms-since-last=13757
[LGDC 2026-09-27T16:35:28.182Z] launch gambit B0 2026.09.22T17:00
[LGDC 2026-09-27T16:35:28.198Z] result ok gambit B0 2026.09.22T17:00
[LGDC 2026-09-27T16:35:39.746Z] gate-consult deny gambit B0 2026.09.22T17:15 ms-since-last=13790
[LGDC 2026-09-27T16:35:58.939Z] launch gambit B0 2026.09.22T17:15
[LGDC 2026-09-27T16:35:58.954Z] result ok gambit B0 2026.09.22T17:15
[LGDC 2026-09-27T16:36:15.507Z] launch gambit B0 2026.09.22T17:30
[LGDC 2026-09-27T16:36:15.524Z] result ok gambit B0 2026.09.22T17:30
[LGDC 2026-09-27T16:36:29.387Z] launch gambit B0 2026.09.22T17:45
[LGDC 2026-09-27T16:36:29.404Z] result ok gambit B0 2026.09.22T17:45
[LGDC 2026-09-27T16:36:39.014Z] gate-consult deny gambit B0 2026.09.22T18:00 ms-since-last=12053
[LGDC 2026-09-27T16:36:54.718Z] launch gambit B0 2026.09.22T18:00
[LGDC 2026-09-27T16:36:54.731Z] result ok gambit B0 2026.09.22T18:00
[LGDC 2026-09-27T16:37:02.598Z] gate-consult deny gambit B0 2026.09.22T18:15 ms-since-last=10147
[LGDC 2026-09-27T16:37:18.179Z] launch gambit B0 2026.09.22T18:15
[LGDC 2026-09-27T16:37:18.193Z] result ok gambit B0 2026.09.22T18:15
[LGDC 2026-09-27T16:37:26.174Z] gate-consult deny gambit B0 2026.09.22T18:30 ms-since-last=10164
[LGDC 2026-09-27T16:37:41.853Z] launch gambit B0 2026.09.22T18:30
[LGDC 2026-09-27T16:37:41.867Z] result ok gambit B0 2026.09.22T18:30
[LGDC 2026-09-27T16:37:49.765Z] gate-consult deny gambit B0 2026.09.22T18:45 ms-since-last=10072
[LGDC 2026-09-27T16:38:05.952Z] launch gambit B0 2026.09.22T18:45
[LGDC 2026-09-27T16:38:05.970Z] result ok gambit B0 2026.09.22T18:45
[LGDC 2026-09-27T16:38:23.461Z] launch gambit B0 2026.09.22T19:00
[LGDC 2026-09-27T16:38:23.478Z] result ok gambit B0 2026.09.22T19:00
[LGDC 2026-09-27T16:38:39.721Z] launch gambit B0 2026.09.22T19:15
[LGDC 2026-09-27T16:38:39.740Z] result ok gambit B0 2026.09.22T19:15
[LGDC 2026-09-27T16:38:55.009Z] launch gambit B0 2026.09.22T19:30
[LGDC 2026-09-27T16:38:55.024Z] result ok gambit B0 2026.09.22T19:30
[LGDC 2026-09-27T16:39:06.939Z] gate-consult deny gambit B0 2026.09.22T19:45 ms-since-last=14259
[LGDC 2026-09-27T16:39:24.945Z] launch gambit B0 2026.09.22T19:45
[LGDC 2026-09-27T16:39:24.969Z] result ok gambit B0 2026.09.22T19:45
[LGDC 2026-09-27T16:39:42.088Z] launch gambit B0 2026.09.23T20:00
[LGDC 2026-09-27T16:39:42.119Z] result ok gambit B0 2026.09.23T20:00
[LGDC 2026-09-27T16:39:58.681Z] launch gambit B0 2026.09.23T20:15
[LGDC 2026-09-27T16:39:58.697Z] result ok gambit B0 2026.09.23T20:15
[LGDC 2026-09-27T16:40:09.446Z] gate-consult deny gambit B0 2026.09.23T20:30 ms-since-last=12959
[LGDC 2026-09-27T16:40:38.748Z] launch gambit B0 2026.09.23T20:30
[LGDC 2026-09-27T16:40:38.775Z] result ok gambit B0 2026.09.23T20:30
[LGDC 2026-09-27T16:40:55.512Z] launch gambit B0 2026.09.23T20:45
[LGDC 2026-09-27T16:40:55.528Z] result ok gambit B0 2026.09.23T20:45
[LGDC 2026-09-27T16:41:07.304Z] gate-consult deny gambit B0 2026.09.23T21:00 ms-since-last=13992
[LGDC 2026-09-27T16:41:24.501Z] launch gambit B0 2026.09.23T21:00
[LGDC 2026-09-27T16:41:24.516Z] result ok gambit B0 2026.09.23T21:00
[LGDC 2026-09-27T16:41:33.826Z] gate-consult deny gambit B0 2026.09.23T21:15 ms-since-last=11404
[LGDC 2026-09-27T16:41:51.580Z] launch gambit B0 2026.09.23T21:15
[LGDC 2026-09-27T16:41:51.596Z] result ok gambit B0 2026.09.23T21:15
[LGDC 2026-09-27T16:42:01.052Z] gate-consult deny gambit B0 2026.09.23T21:30 ms-since-last=12133
[LGDC 2026-09-27T16:42:18.126Z] launch gambit B0 2026.09.23T21:30
[LGDC 2026-09-27T16:42:18.140Z] result ok gambit B0 2026.09.23T21:30
[LGDC 2026-09-27T16:42:27.415Z] gate-consult deny gambit B0 2026.09.23T21:45 ms-since-last=11565
[LGDC 2026-09-27T16:42:44.425Z] launch gambit B0 2026.09.23T21:45
[LGDC 2026-09-27T16:42:44.439Z] result ok gambit B0 2026.09.23T21:45
[LGDC 2026-09-27T16:42:54.146Z] gate-consult deny gambit B0 2026.09.23T22:00 ms-since-last=11959
[LGDC 2026-09-27T16:43:11.125Z] launch gambit B0 2026.09.23T22:00
[LGDC 2026-09-27T16:43:11.139Z] result ok gambit B0 2026.09.23T22:00
[LGDC 2026-09-27T16:43:20.344Z] gate-consult deny gambit B0 2026.09.23T22:15 ms-since-last=11405
[LGDC 2026-09-27T16:43:37.732Z] launch gambit B0 2026.09.23T22:15
[LGDC 2026-09-27T16:43:37.747Z] result ok gambit B0 2026.09.23T22:15
[LGDC 2026-09-27T16:43:53.032Z] launch gambit B0 2026.09.23T22:30
[LGDC 2026-09-27T16:43:53.049Z] result ok gambit B0 2026.09.23T22:30
[LGDC 2026-09-27T16:44:09.473Z] launch gambit B0 2026.09.23T22:45
[LGDC 2026-09-27T16:44:09.492Z] result ok gambit B0 2026.09.23T22:45
[LGDC 2026-09-27T16:44:24.837Z] launch gambit B0 2026.09.23T23:00
[LGDC 2026-09-27T16:44:24.855Z] result ok gambit B0 2026.09.23T23:00
[LGDC 2026-09-27T16:44:41.151Z] launch gambit B0 2026.09.23T23:15
[LGDC 2026-09-27T16:44:41.168Z] result ok gambit B0 2026.09.23T23:15
[LGDC 2026-09-27T16:44:56.561Z] launch gambit B0 2026.09.23T23:30
[LGDC 2026-09-27T16:44:56.580Z] result ok gambit B0 2026.09.23T23:30
[LGDC 2026-09-27T16:45:12.572Z] launch gambit foF2 2026.09.24T16:45
[LGDC 2026-09-27T16:45:12.590Z] result ok gambit foF2 2026.09.24T16:45
[LGDC 2026-09-27T16:45:27.874Z] launch gambit hmF2 2026.09.24T16:45
[LGDC 2026-09-27T16:45:27.892Z] result ok gambit hmF2 2026.09.24T16:45
[LGDC 2026-09-27T16:45:43.410Z] launch gambit B0 2026.09.23T23:45
[LGDC 2026-09-27T16:45:43.427Z] result ok gambit B0 2026.09.23T23:45
[LGDC 2026-09-27T16:45:58.738Z] launch gambit B0 2026.09.24T00:00
[LGDC 2026-09-27T16:45:58.756Z] result ok gambit B0 2026.09.24T00:00
[LGDC 2026-09-27T16:46:14.434Z] launch gambit B0 2026.09.24T00:15
[LGDC 2026-09-27T16:46:14.451Z] result ok gambit B0 2026.09.24T00:15
[LGDC 2026-09-27T16:46:30.267Z] launch gambit B0 2026.09.24T00:30
[LGDC 2026-09-27T16:46:30.364Z] result ok gambit B0 2026.09.24T00:30
[LGDC 2026-09-27T16:46:47.900Z] launch gambit B0 2026.09.24T00:45
[LGDC 2026-09-27T16:46:47.919Z] result ok gambit B0 2026.09.24T00:45
[LGDC 2026-09-27T16:47:04.643Z] launch gambit B0 2026.09.24T01:00
[LGDC 2026-09-27T16:47:04.667Z] result ok gambit B0 2026.09.24T01:00
[LGDC 2026-09-27T16:47:20.397Z] launch gambit B0 2026.09.24T01:15
[LGDC 2026-09-27T16:47:20.415Z] result ok gambit B0 2026.09.24T01:15
[LGDC 2026-09-27T16:47:37.248Z] launch gambit B0 2026.09.24T01:30
[LGDC 2026-09-27T16:47:37.265Z] result ok gambit B0 2026.09.24T01:30
[LGDC 2026-09-27T16:47:52.844Z] launch gambit B0 2026.09.24T01:45
[LGDC 2026-09-27T16:47:52.862Z] result ok gambit B0 2026.09.24T01:45
[LGDC 2026-09-27T16:48:08.571Z] launch gambit B0 2026.09.24T02:00
[LGDC 2026-09-27T16:48:08.589Z] result ok gambit B0 2026.09.24T02:00
[LGDC 2026-09-27T16:48:24.097Z] launch gambit B0 2026.09.24T02:15
[LGDC 2026-09-27T16:48:24.115Z] result ok gambit B0 2026.09.24T02:15
[LGDC 2026-09-27T16:48:40.160Z] launch gambit B0 2026.09.24T02:30
[LGDC 2026-09-27T16:48:40.177Z] result ok gambit B0 2026.09.24T02:30
[LGDC 2026-09-27T16:48:55.873Z] launch gambit B0 2026.09.24T02:45
[LGDC 2026-09-27T16:48:55.890Z] result ok gambit B0 2026.09.24T02:45
[LGDC 2026-09-27T16:49:11.326Z] launch gambit B0 2026.09.24T03:00
[LGDC 2026-09-27T16:49:11.344Z] result ok gambit B0 2026.09.24T03:00
[LGDC 2026-09-27T16:49:27.631Z] launch gambit B0 2026.09.24T03:15
[LGDC 2026-09-27T16:49:27.648Z] result ok gambit B0 2026.09.24T03:15
[LGDC 2026-09-27T16:49:43.920Z] launch gambit B0 2026.09.24T03:30
[LGDC 2026-09-27T16:49:43.937Z] result ok gambit B0 2026.09.24T03:30
[LGDC 2026-09-27T16:50:00.493Z] launch gambit B0 2026.09.24T03:45
[LGDC 2026-09-27T16:50:00.515Z] result ok gambit B0 2026.09.24T03:45
[LGDC 2026-09-27T16:50:18.522Z] launch gambit B0 2026.09.24T04:00
[LGDC 2026-09-27T16:50:18.545Z] result ok gambit B0 2026.09.24T04:00
[LGDC 2026-09-27T16:50:35.877Z] launch gambit B0 2026.09.24T04:15
[LGDC 2026-09-27T16:50:35.895Z] result ok gambit B0 2026.09.24T04:15
[LGDC 2026-09-27T16:50:52.085Z] launch gambit B0 2026.09.24T04:30
[LGDC 2026-09-27T16:50:52.103Z] result ok gambit B0 2026.09.24T04:30
[LGDC 2026-09-27T16:51:08.604Z] launch gambit B0 2026.09.24T04:45
[LGDC 2026-09-27T16:51:08.621Z] result ok gambit B0 2026.09.24T04:45
[LGDC 2026-09-27T16:51:24.765Z] launch gambit B0 2026.09.24T05:00
[LGDC 2026-09-27T16:51:24.786Z] result ok gambit B0 2026.09.24T05:00
[LGDC 2026-09-27T16:51:42.125Z] launch gambit B0 2026.09.24T05:15
[LGDC 2026-09-27T16:51:42.245Z] result ok gambit B0 2026.09.24T05:15
[LGDC 2026-09-27T16:52:00.503Z] launch gambit B0 2026.09.24T05:30
[LGDC 2026-09-27T16:52:00.521Z] result ok gambit B0 2026.09.24T05:30
[LGDC 2026-09-27T16:52:17.608Z] launch gambit B0 2026.09.24T05:45
[LGDC 2026-09-27T16:52:17.625Z] result ok gambit B0 2026.09.24T05:45
[LGDC 2026-09-27T16:52:30.333Z] gate-consult deny gambit B0 2026.09.24T06:00 ms-since-last=14886
[LGDC 2026-09-27T16:52:47.543Z] launch gambit B0 2026.09.24T06:00
[LGDC 2026-09-27T16:52:47.563Z] result ok gambit B0 2026.09.24T06:00
[LGDC 2026-09-27T16:53:00.295Z] gate-consult deny gambit B0 2026.09.24T06:15 ms-since-last=14864
[GloTecAdapter] Error: indice GloTEC vacio
[LGDC 2026-09-27T16:53:18.325Z] launch gambit B0 2026.09.24T06:15
[LGDC 2026-09-27T16:53:18.339Z] result ok gambit B0 2026.09.24T06:15
[LGDC 2026-09-27T16:53:27.693Z] gate-consult deny gambit B0 2026.09.24T06:30 ms-since-last=11946
[LGDC 2026-09-27T16:53:44.685Z] launch gambit B0 2026.09.24T06:30
[LGDC 2026-09-27T16:53:44.700Z] result ok gambit B0 2026.09.24T06:30
[LGDC 2026-09-27T16:53:54.124Z] gate-consult deny gambit B0 2026.09.24T06:45 ms-since-last=11561
[LGDC 2026-09-27T16:54:12.573Z] launch gambit B0 2026.09.24T06:45
[LGDC 2026-09-27T16:54:12.588Z] result ok gambit B0 2026.09.24T06:45
[LGDC 2026-09-27T16:54:22.185Z] gate-consult deny gambit B0 2026.09.24T07:00 ms-since-last=11794
[LGDC 2026-09-27T16:54:39.208Z] launch gambit B0 2026.09.24T07:00
[LGDC 2026-09-27T16:54:39.222Z] result ok gambit B0 2026.09.24T07:00
[LGDC 2026-09-27T16:54:48.622Z] gate-consult deny gambit B0 2026.09.24T07:15 ms-since-last=11593
[LGDC 2026-09-27T16:55:05.733Z] launch gambit B0 2026.09.24T07:15
[LGDC 2026-09-27T16:55:05.748Z] result ok gambit B0 2026.09.24T07:15
[LGDC 2026-09-27T16:55:15.065Z] gate-consult deny gambit B0 2026.09.24T07:30 ms-since-last=11476
[LGDC 2026-09-27T16:55:32.074Z] launch gambit B0 2026.09.24T07:30
[LGDC 2026-09-27T16:55:32.089Z] result ok gambit B0 2026.09.24T07:30
[LGDC 2026-09-27T16:55:41.412Z] gate-consult deny gambit B0 2026.09.24T07:45 ms-since-last=11515
[LGDC 2026-09-27T16:55:58.543Z] launch gambit B0 2026.09.24T07:45
[LGDC 2026-09-27T16:55:58.555Z] result ok gambit B0 2026.09.24T07:45
[LGDC 2026-09-27T16:56:07.936Z] gate-consult deny gambit B0 2026.09.24T08:00 ms-since-last=11611
[LGDC 2026-09-27T16:56:25.375Z] launch gambit B0 2026.09.24T08:00
[LGDC 2026-09-27T16:56:25.391Z] result ok gambit B0 2026.09.24T08:00
[LGDC 2026-09-27T16:56:36.167Z] gate-consult deny gambit B0 2026.09.24T08:15 ms-since-last=12986
[LGDC 2026-09-27T16:57:02.772Z] launch gambit B0 2026.09.24T08:15
[LGDC 2026-09-27T16:57:02.791Z] result ok gambit B0 2026.09.24T08:15
[LGDC 2026-09-27T16:57:17.691Z] launch gambit B0 2026.09.24T08:30
[LGDC 2026-09-27T16:57:17.724Z] result ok gambit B0 2026.09.24T08:30
[LGDC 2026-09-27T16:57:30.135Z] gate-consult deny gambit B0 2026.09.24T08:45 ms-since-last=14590
[LGDC 2026-09-27T16:57:51.020Z] launch gambit B0 2026.09.24T08:45
[LGDC 2026-09-27T16:57:51.035Z] result ok gambit B0 2026.09.24T08:45
[LGDC 2026-09-27T16:58:00.477Z] gate-consult deny gambit B0 2026.09.24T09:00 ms-since-last=11740
[LGDC 2026-09-27T16:58:17.876Z] launch gambit B0 2026.09.24T09:00
[LGDC 2026-09-27T16:58:17.891Z] result ok gambit B0 2026.09.24T09:00
[LGDC 2026-09-27T16:58:27.675Z] gate-consult deny gambit B0 2026.09.24T09:15 ms-since-last=11964
[LGDC 2026-09-27T16:58:48.398Z] launch gambit B0 2026.09.24T09:15
[LGDC 2026-09-27T16:58:48.415Z] result ok gambit B0 2026.09.24T09:15
[LGDC 2026-09-27T16:59:05.273Z] launch gambit B0 2026.09.24T09:30
[LGDC 2026-09-27T16:59:05.288Z] result ok gambit B0 2026.09.24T09:30
[LGDC 2026-09-27T16:59:14.872Z] gate-consult deny gambit B0 2026.09.24T09:45 ms-since-last=14974
[LGDC 2026-09-27T16:59:35.404Z] launch gambit B0 2026.09.24T09:45
[LGDC 2026-09-27T16:59:35.419Z] result ok gambit B0 2026.09.24T09:45
[LGDC 2026-09-27T16:59:50.404Z] launch gambit B0 2026.09.24T10:00
[LGDC 2026-09-27T16:59:50.418Z] result ok gambit B0 2026.09.24T10:00
[LGDC 2026-09-27T16:59:59.837Z] gate-consult deny gambit B0 2026.09.24T10:15 ms-since-last=14964
[LGDC 2026-09-27T17:00:20.395Z] launch gambit foF2 2026.09.24T17:00
[LGDC 2026-09-27T17:00:20.410Z] result ok gambit foF2 2026.09.24T17:00
[LGDC 2026-09-27T17:00:35.421Z] launch gambit hmF2 2026.09.24T17:00
[LGDC 2026-09-27T17:00:35.436Z] result ok gambit hmF2 2026.09.24T17:00
[LGDC 2026-09-27T17:00:50.421Z] launch gambit B0 2026.09.24T10:15
[LGDC 2026-09-27T17:00:50.434Z] result ok gambit B0 2026.09.24T10:15
[LGDC 2026-09-27T17:01:06.422Z] launch gambit B0 2026.09.24T10:30
[LGDC 2026-09-27T17:01:06.437Z] result ok gambit B0 2026.09.24T10:30
[LGDC 2026-09-27T17:01:21.421Z] launch gambit B0 2026.09.24T10:45
[LGDC 2026-09-27T17:01:21.436Z] result ok gambit B0 2026.09.24T10:45
[LGDC 2026-09-27T17:01:36.422Z] launch gambit B0 2026.09.24T11:00
[LGDC 2026-09-27T17:01:36.436Z] result ok gambit B0 2026.09.24T11:00
[LGDC 2026-09-27T17:01:45.839Z] gate-consult deny gambit B0 2026.09.24T11:15 ms-since-last=14988
[LGDC 2026-09-27T17:02:02.967Z] launch gambit B0 2026.09.24T11:15
[LGDC 2026-09-27T17:02:02.982Z] result ok gambit B0 2026.09.24T11:15
[LGDC 2026-09-27T17:02:12.501Z] gate-consult deny gambit B0 2026.09.24T11:30 ms-since-last=11676
[LGDC 2026-09-27T17:02:29.782Z] launch gambit B0 2026.09.24T11:30
[LGDC 2026-09-27T17:02:29.796Z] result ok gambit B0 2026.09.24T11:30
[LGDC 2026-09-27T17:02:39.226Z] gate-consult deny gambit B0 2026.09.24T11:45 ms-since-last=11760
[LGDC 2026-09-27T17:02:58.125Z] launch gambit B0 2026.09.24T11:45
[LGDC 2026-09-27T17:02:58.142Z] result ok gambit B0 2026.09.24T11:45
[LGDC 2026-09-27T17:03:07.668Z] gate-consult deny gambit B0 2026.09.24T12:00 ms-since-last=11770
[LGDC 2026-09-27T17:03:24.915Z] launch gambit B0 2026.09.24T12:00
[LGDC 2026-09-27T17:03:24.929Z] result ok gambit B0 2026.09.24T12:00
[LGDC 2026-09-27T17:03:34.452Z] gate-consult deny gambit B0 2026.09.24T12:15 ms-since-last=11782
[LGDC 2026-09-27T17:03:50.013Z] result fail gambit B0 2026.09.24T12:15 red/pre-gate
[LGDC 2026-09-27T17:04:08.027Z] launch gambit B0 2026.09.24T12:15
[LGDC 2026-09-27T17:04:08.041Z] result ok gambit B0 2026.09.24T12:15
[LGDC 2026-09-27T17:04:17.478Z] gate-consult deny gambit B0 2026.09.24T12:30 ms-since-last=11637
[LGDC 2026-09-27T17:04:34.611Z] launch gambit B0 2026.09.24T12:30
[LGDC 2026-09-27T17:04:34.626Z] result ok gambit B0 2026.09.24T12:30
[LGDC 2026-09-27T17:04:45.704Z] gate-consult deny gambit B0 2026.09.24T12:45 ms-since-last=13254
[LGDC 2026-09-27T17:05:03.736Z] launch gambit B0 2026.09.24T12:45
[LGDC 2026-09-27T17:05:03.751Z] result ok gambit B0 2026.09.24T12:45
[LGDC 2026-09-27T17:05:13.204Z] gate-consult deny gambit B0 2026.09.24T13:00 ms-since-last=11878
[LGDC 2026-09-27T17:05:30.717Z] launch gambit B0 2026.09.24T13:00
[LGDC 2026-09-27T17:05:30.731Z] result ok gambit B0 2026.09.24T13:00
[LGDC 2026-09-27T17:05:40.122Z] gate-consult deny gambit B0 2026.09.24T13:15 ms-since-last=11973
[LGDC 2026-09-27T17:05:57.447Z] launch gambit B0 2026.09.24T13:15
[LGDC 2026-09-27T17:05:57.460Z] result ok gambit B0 2026.09.24T13:15
[LGDC 2026-09-27T17:06:06.908Z] gate-consult deny gambit B0 2026.09.24T13:30 ms-since-last=11643
[LGDC 2026-09-27T17:06:24.185Z] launch gambit B0 2026.09.24T13:30
[LGDC 2026-09-27T17:06:24.202Z] result ok gambit B0 2026.09.24T13:30
[LGDC 2026-09-27T17:06:34.636Z] gate-consult deny gambit B0 2026.09.24T13:45 ms-since-last=12745
[LGDC 2026-09-27T17:06:56.885Z] launch gambit B0 2026.09.24T13:45
[LGDC 2026-09-27T17:06:56.902Z] result ok gambit B0 2026.09.24T13:45
[LGDC 2026-09-27T17:07:07.887Z] gate-consult deny gambit B0 2026.09.24T14:00 ms-since-last=13213
[LGDC 2026-09-27T17:07:25.143Z] launch gambit B0 2026.09.24T14:00
[LGDC 2026-09-27T17:07:25.156Z] result ok gambit B0 2026.09.24T14:00
[LGDC 2026-09-27T17:07:34.684Z] gate-consult deny gambit B0 2026.09.24T14:15 ms-since-last=11767
[LGDC 2026-09-27T17:07:52.197Z] launch gambit B0 2026.09.24T14:15
[LGDC 2026-09-27T17:07:52.211Z] result ok gambit B0 2026.09.24T14:15
[LGDC 2026-09-27T17:08:01.749Z] gate-consult deny gambit B0 2026.09.24T14:30 ms-since-last=11695
[LGDC 2026-09-27T17:08:19.059Z] launch gambit B0 2026.09.24T14:30
[LGDC 2026-09-27T17:08:19.073Z] result ok gambit B0 2026.09.24T14:30
[LGDC 2026-09-27T17:08:28.610Z] gate-consult deny gambit B0 2026.09.24T14:45 ms-since-last=11715
[LGDC 2026-09-27T17:08:49.535Z] launch gambit B0 2026.09.24T14:45
[LGDC 2026-09-27T17:08:49.549Z] result ok gambit B0 2026.09.24T14:45
[LGDC 2026-09-27T17:09:04.537Z] launch gambit B0 2026.09.24T15:00
[LGDC 2026-09-27T17:09:04.553Z] result ok gambit B0 2026.09.24T15:00
[LGDC 2026-09-27T17:09:14.304Z] gate-consult deny gambit B0 2026.09.24T15:15 ms-since-last=14920
[LGDC 2026-09-27T17:09:34.547Z] launch gambit B0 2026.09.24T15:15
[LGDC 2026-09-27T17:09:34.561Z] result ok gambit B0 2026.09.24T15:15
[LGDC 2026-09-27T17:09:44.106Z] gate-consult deny gambit B0 2026.09.24T15:30 ms-since-last=14746
[LGDC 2026-09-27T17:10:01.601Z] launch gambit B0 2026.09.24T15:30
[LGDC 2026-09-27T17:10:01.617Z] result ok gambit B0 2026.09.24T15:30
[LGDC 2026-09-27T17:10:11.174Z] gate-consult deny gambit B0 2026.09.24T15:45 ms-since-last=11874
[LGDC 2026-09-27T17:10:28.376Z] launch gambit B0 2026.09.24T15:45
[LGDC 2026-09-27T17:10:28.390Z] result ok gambit B0 2026.09.24T15:45
[LGDC 2026-09-27T17:10:38.768Z] gate-consult deny gambit B0 2026.09.24T16:00 ms-since-last=12594
[LGDC 2026-09-27T17:10:55.988Z] launch gambit B0 2026.09.24T16:00
[LGDC 2026-09-27T17:10:56.003Z] result ok gambit B0 2026.09.24T16:00
[LGDC 2026-09-27T17:11:05.494Z] gate-consult deny gambit B0 2026.09.24T16:15 ms-since-last=11645
[LGDC 2026-09-27T17:11:22.748Z] launch gambit B0 2026.09.24T16:15
[LGDC 2026-09-27T17:11:22.763Z] result ok gambit B0 2026.09.24T16:15
[LGDC 2026-09-27T17:11:32.393Z] gate-consult deny gambit B0 2026.09.24T16:30 ms-since-last=11893
[LGDC 2026-09-27T17:11:49.595Z] launch gambit B0 2026.09.24T16:30
[LGDC 2026-09-27T17:11:49.610Z] result ok gambit B0 2026.09.24T16:30
[LGDC 2026-09-27T17:11:59.217Z] gate-consult deny gambit B0 2026.09.24T16:45 ms-since-last=11772
[LGDC 2026-09-27T17:12:16.383Z] launch gambit B0 2026.09.24T16:45
[LGDC 2026-09-27T17:12:16.399Z] result ok gambit B0 2026.09.24T16:45
[LGDC 2026-09-27T17:12:25.941Z] gate-consult deny gambit B0 2026.09.24T17:00 ms-since-last=11648
[LGDC 2026-09-27T17:12:43.158Z] launch gambit B0 2026.09.24T17:00
[LGDC 2026-09-27T17:12:43.173Z] result ok gambit B0 2026.09.24T17:00
[LGDC 2026-09-27T17:12:52.705Z] gate-consult deny gambit B1 2026.09.20T17:15 ms-since-last=11707
[LGDC 2026-09-27T17:13:10.027Z] launch gambit B1 2026.09.20T17:15
[LGDC 2026-09-27T17:13:10.043Z] result ok gambit B1 2026.09.20T17:15
[LGDC 2026-09-27T17:13:25.790Z] launch gambit B1 2026.09.20T17:30
[LGDC 2026-09-27T17:13:25.807Z] result ok gambit B1 2026.09.20T17:30
[LGDC 2026-09-27T17:13:45.607Z] launch gambit B1 2026.09.20T17:45
[LGDC 2026-09-27T17:13:45.622Z] result ok gambit B1 2026.09.20T17:45
[LGDC 2026-09-27T17:13:54.884Z] gate-consult deny gambit B1 2026.09.20T18:00 ms-since-last=14335
[LGDC 2026-09-27T17:14:14.593Z] launch gambit B1 2026.09.20T18:00
[LGDC 2026-09-27T17:14:14.607Z] result ok gambit B1 2026.09.20T18:00
[LGDC 2026-09-27T17:14:22.979Z] gate-consult deny gambit B1 2026.09.20T18:15 ms-since-last=14238
[LGDC 2026-09-27T17:14:42.621Z] launch gambit B1 2026.09.20T18:15
[LGDC 2026-09-27T17:14:42.633Z] result ok gambit B1 2026.09.20T18:15
[LGDC 2026-09-27T17:14:51.066Z] gate-consult deny gambit B1 2026.09.20T18:30 ms-since-last=14234
[LGDC 2026-09-27T17:15:07.213Z] launch gambit foF2 2026.09.24T17:15
[LGDC 2026-09-27T17:15:07.227Z] result ok gambit foF2 2026.09.24T17:15
[LGDC 2026-09-27T17:15:15.565Z] gate-consult deny gambit hmF2 2026.09.24T17:15 ms-since-last=10564
[LGDC 2026-09-27T17:15:31.546Z] launch gambit hmF2 2026.09.24T17:15
[LGDC 2026-09-27T17:15:31.559Z] result ok gambit hmF2 2026.09.24T17:15
[LGDC 2026-09-27T17:15:39.957Z] gate-consult deny gambit B0 2026.09.24T17:15 ms-since-last=10541
[LGDC 2026-09-27T17:15:55.948Z] launch gambit B0 2026.09.24T17:15
[LGDC 2026-09-27T17:15:55.963Z] result ok gambit B0 2026.09.24T17:15
[LGDC 2026-09-27T17:16:04.333Z] gate-consult deny gambit B1 2026.09.20T18:30 ms-since-last=10499
[LGDC 2026-09-27T17:16:20.493Z] launch gambit B1 2026.09.20T18:30
[LGDC 2026-09-27T17:16:20.505Z] result ok gambit B1 2026.09.20T18:30
[LGDC 2026-09-27T17:16:28.916Z] gate-consult deny gambit B1 2026.09.20T18:45 ms-since-last=10580
[LGDC 2026-09-27T17:16:44.905Z] launch gambit B1 2026.09.20T18:45
[LGDC 2026-09-27T17:16:44.919Z] result ok gambit B1 2026.09.20T18:45
[LGDC 2026-09-27T17:16:53.352Z] gate-consult deny gambit B1 2026.09.20T19:00 ms-since-last=10584
[LGDC 2026-09-27T17:17:09.539Z] launch gambit B1 2026.09.20T19:00
[LGDC 2026-09-27T17:17:09.553Z] result ok gambit B1 2026.09.20T19:00
[LGDC 2026-09-27T17:17:17.972Z] gate-consult deny gambit B1 2026.09.20T19:15 ms-since-last=10685
[LGDC 2026-09-27T17:17:34.084Z] launch gambit B1 2026.09.20T19:15
[LGDC 2026-09-27T17:17:34.098Z] result ok gambit B1 2026.09.20T19:15
[LGDC 2026-09-27T17:17:42.552Z] gate-consult deny gambit B1 2026.09.20T19:30 ms-since-last=10646
[LGDC 2026-09-27T17:17:58.745Z] launch gambit B1 2026.09.20T19:30
[LGDC 2026-09-27T17:17:58.758Z] result ok gambit B1 2026.09.20T19:30
[LGDC 2026-09-27T17:18:07.207Z] gate-consult deny gambit B1 2026.09.20T19:45 ms-since-last=10705
[LGDC 2026-09-27T17:18:23.526Z] launch gambit B1 2026.09.20T19:45
[LGDC 2026-09-27T17:18:23.539Z] result ok gambit B1 2026.09.20T19:45
[LGDC 2026-09-27T17:18:31.943Z] gate-consult deny gambit B1 2026.09.20T20:00 ms-since-last=10666
[LGDC 2026-09-27T17:18:48.315Z] launch gambit B1 2026.09.20T20:00
[LGDC 2026-09-27T17:18:48.331Z] result ok gambit B1 2026.09.20T20:00
[LGDC 2026-09-27T17:18:57.310Z] gate-consult deny gambit B1 2026.09.20T20:15 ms-since-last=11190
[LGDC 2026-09-27T17:19:13.885Z] launch gambit B1 2026.09.20T20:15
[LGDC 2026-09-27T17:19:13.899Z] result ok gambit B1 2026.09.20T20:15
[LGDC 2026-09-27T17:19:22.316Z] gate-consult deny gambit B1 2026.09.20T20:30 ms-since-last=11058
[LGDC 2026-09-27T17:19:38.642Z] launch gambit B1 2026.09.20T20:30
[LGDC 2026-09-27T17:19:38.657Z] result ok gambit B1 2026.09.20T20:30
[LGDC 2026-09-27T17:19:47.029Z] gate-consult deny gambit B1 2026.09.20T20:45 ms-since-last=10797
[LGDC 2026-09-27T17:20:03.211Z] launch gambit B1 2026.09.20T20:45
[LGDC 2026-09-27T17:20:03.224Z] result ok gambit B1 2026.09.20T20:45
[LGDC 2026-09-27T17:20:11.618Z] gate-consult deny gambit B1 2026.09.20T21:00 ms-since-last=10625
[LGDC 2026-09-27T17:20:27.750Z] launch gambit B1 2026.09.20T21:00
[LGDC 2026-09-27T17:20:27.764Z] result ok gambit B1 2026.09.20T21:00
[LGDC 2026-09-27T17:20:36.185Z] gate-consult deny gambit B1 2026.09.20T21:15 ms-since-last=10618
[LGDC 2026-09-27T17:20:52.172Z] launch gambit B1 2026.09.20T21:15
[LGDC 2026-09-27T17:20:52.185Z] result ok gambit B1 2026.09.20T21:15
[LGDC 2026-09-27T17:21:00.627Z] gate-consult deny gambit B1 2026.09.20T21:30 ms-since-last=10477
[LGDC 2026-09-27T17:21:17.017Z] launch gambit B1 2026.09.20T21:30
[LGDC 2026-09-27T17:21:17.031Z] result ok gambit B1 2026.09.20T21:30
[LGDC 2026-09-27T17:21:25.462Z] gate-consult deny gambit B1 2026.09.20T21:45 ms-since-last=10653
[LGDC 2026-09-27T17:21:41.604Z] launch gambit B1 2026.09.20T21:45
[LGDC 2026-09-27T17:21:41.618Z] result ok gambit B1 2026.09.20T21:45
[LGDC 2026-09-27T17:21:50.248Z] gate-consult deny gambit B1 2026.09.20T22:00 ms-since-last=10830
[LGDC 2026-09-27T17:22:06.943Z] launch gambit B1 2026.09.20T22:00
[LGDC 2026-09-27T17:22:06.957Z] result ok gambit B1 2026.09.20T22:00
[LGDC 2026-09-27T17:22:15.443Z] gate-consult deny gambit B1 2026.09.20T22:15 ms-since-last=10717
[LGDC 2026-09-27T17:22:31.720Z] launch gambit B1 2026.09.20T22:15
[LGDC 2026-09-27T17:22:31.736Z] result ok gambit B1 2026.09.20T22:15
[LGDC 2026-09-27T17:22:40.182Z] gate-consult deny gambit B1 2026.09.20T22:30 ms-since-last=10731
[LGDC 2026-09-27T17:22:56.321Z] launch gambit B1 2026.09.20T22:30
[LGDC 2026-09-27T17:22:56.334Z] result ok gambit B1 2026.09.20T22:30
[LGDC 2026-09-27T17:23:04.821Z] gate-consult deny gambit B1 2026.09.20T22:45 ms-since-last=10669
[LGDC 2026-09-27T17:23:21.053Z] launch gambit B1 2026.09.20T22:45
[LGDC 2026-09-27T17:23:21.067Z] result ok gambit B1 2026.09.20T22:45
[LGDC 2026-09-27T17:23:29.525Z] gate-consult deny gambit B1 2026.09.20T23:00 ms-since-last=10676
[LGDC 2026-09-27T17:23:45.961Z] launch gambit B1 2026.09.20T23:00
[LGDC 2026-09-27T17:23:45.974Z] result ok gambit B1 2026.09.20T23:00
[LGDC 2026-09-27T17:23:54.539Z] gate-consult deny gambit B1 2026.09.20T23:15 ms-since-last=10772
[LGDC 2026-09-27T17:24:10.792Z] launch gambit B1 2026.09.20T23:15
[LGDC 2026-09-27T17:24:10.807Z] result ok gambit B1 2026.09.20T23:15
[LGDC 2026-09-27T17:24:19.289Z] gate-consult deny gambit B1 2026.09.20T23:30 ms-since-last=10780
[LGDC 2026-09-27T17:24:35.559Z] launch gambit B1 2026.09.20T23:30
[LGDC 2026-09-27T17:24:35.572Z] result ok gambit B1 2026.09.20T23:30
[LGDC 2026-09-27T17:24:44.040Z] gate-consult deny gambit B1 2026.09.20T23:45 ms-since-last=10715
[LGDC 2026-09-27T17:25:00.204Z] launch gambit B1 2026.09.20T23:45
[LGDC 2026-09-27T17:25:00.217Z] result ok gambit B1 2026.09.20T23:45
[LGDC 2026-09-27T17:25:08.739Z] gate-consult deny gambit B1 2026.09.21T00:00 ms-since-last=10694
[LGDC 2026-09-27T17:25:24.921Z] launch gambit B1 2026.09.21T00:00
[LGDC 2026-09-27T17:25:24.934Z] result ok gambit B1 2026.09.21T00:00
[LGDC 2026-09-27T17:25:33.403Z] gate-consult deny gambit B1 2026.09.21T00:15 ms-since-last=10675
[LGDC 2026-09-27T17:25:49.887Z] launch gambit B1 2026.09.21T00:15
[LGDC 2026-09-27T17:25:49.900Z] result ok gambit B1 2026.09.21T00:15
[LGDC 2026-09-27T17:25:58.600Z] gate-consult deny gambit B1 2026.09.21T00:30 ms-since-last=10929
[LGDC 2026-09-27T17:26:14.936Z] launch gambit B1 2026.09.21T00:30
[LGDC 2026-09-27T17:26:14.951Z] result ok gambit B1 2026.09.21T00:30
[LGDC 2026-09-27T17:26:23.454Z] gate-consult deny gambit B1 2026.09.21T00:45 ms-since-last=10795
[LGDC 2026-09-27T17:26:39.785Z] launch gambit B1 2026.09.21T00:45
[LGDC 2026-09-27T17:26:39.798Z] result ok gambit B1 2026.09.21T00:45
[LGDC 2026-09-27T17:26:48.392Z] gate-consult deny gambit B1 2026.09.21T01:00 ms-since-last=10883
[LGDC 2026-09-27T17:27:04.761Z] launch gambit B1 2026.09.21T01:00
[LGDC 2026-09-27T17:27:04.773Z] result ok gambit B1 2026.09.21T01:00
[LGDC 2026-09-27T17:27:13.325Z] gate-consult deny gambit B1 2026.09.21T01:15 ms-since-last=10792
[LGDC 2026-09-27T17:27:29.671Z] launch gambit B1 2026.09.21T01:15
[LGDC 2026-09-27T17:27:29.684Z] result ok gambit B1 2026.09.21T01:15
[LGDC 2026-09-27T17:27:38.822Z] gate-consult deny gambit B1 2026.09.21T01:30 ms-since-last=11385
[LGDC 2026-09-27T17:27:55.096Z] launch gambit B1 2026.09.21T01:30
[LGDC 2026-09-27T17:27:55.108Z] result ok gambit B1 2026.09.21T01:30
[LGDC 2026-09-27T17:28:03.661Z] gate-consult deny gambit B1 2026.09.21T01:45 ms-since-last=10770
[LGDC 2026-09-27T17:28:19.910Z] launch gambit B1 2026.09.21T01:45
[LGDC 2026-09-27T17:28:19.922Z] result ok gambit B1 2026.09.21T01:45
[LGDC 2026-09-27T17:28:28.481Z] gate-consult deny gambit B1 2026.09.21T02:00 ms-since-last=10790
[LGDC 2026-09-27T17:28:44.876Z] launch gambit B1 2026.09.21T02:00
[LGDC 2026-09-27T17:28:44.888Z] result ok gambit B1 2026.09.21T02:00
[LGDC 2026-09-27T17:28:53.633Z] gate-consult deny gambit B1 2026.09.21T02:15 ms-since-last=11065
[LGDC 2026-09-27T17:29:09.593Z] launch gambit B1 2026.09.21T02:15
[LGDC 2026-09-27T17:29:09.607Z] result ok gambit B1 2026.09.21T02:15
[LGDC 2026-09-27T17:29:17.824Z] gate-consult deny gambit B1 2026.09.21T02:30 ms-since-last=10449
[LGDC 2026-09-27T17:29:33.750Z] launch gambit B1 2026.09.21T02:30
[LGDC 2026-09-27T17:29:33.765Z] result ok gambit B1 2026.09.21T02:30
[LGDC 2026-09-27T17:29:41.988Z] gate-consult deny gambit B1 2026.09.21T02:45 ms-since-last=10388
[LGDC 2026-09-27T17:29:58.078Z] launch gambit B1 2026.09.21T02:45
[LGDC 2026-09-27T17:29:58.090Z] result ok gambit B1 2026.09.21T02:45
[LGDC 2026-09-27T17:30:06.309Z] gate-consult deny gambit foF2 2026.09.24T17:30 ms-since-last=10559
[LGDC 2026-09-27T17:30:22.388Z] launch gambit foF2 2026.09.24T17:30
[LGDC 2026-09-27T17:30:22.401Z] result ok gambit foF2 2026.09.24T17:30
[LGDC 2026-09-27T17:30:30.632Z] gate-consult deny gambit hmF2 2026.09.24T17:30 ms-since-last=10564
[LGDC 2026-09-27T17:30:46.528Z] launch gambit hmF2 2026.09.24T17:30
[LGDC 2026-09-27T17:30:46.541Z] result ok gambit hmF2 2026.09.24T17:30
[LGDC 2026-09-27T17:30:55.060Z] gate-consult deny gambit B0 2026.09.24T17:30 ms-since-last=10668
[LGDC 2026-09-27T17:31:11.094Z] launch gambit B0 2026.09.24T17:30
[LGDC 2026-09-27T17:31:11.108Z] result ok gambit B0 2026.09.24T17:30
[LGDC 2026-09-27T17:31:19.379Z] gate-consult deny gambit B1 2026.09.21T03:00 ms-since-last=10564
[LGDC 2026-09-27T17:31:35.369Z] launch gambit B1 2026.09.21T03:00
[LGDC 2026-09-27T17:31:35.383Z] result ok gambit B1 2026.09.21T03:00
[LGDC 2026-09-27T17:31:43.634Z] gate-consult deny gambit B1 2026.09.21T03:15 ms-since-last=10471
[LGDC 2026-09-27T17:31:59.765Z] launch gambit B1 2026.09.21T03:15
[LGDC 2026-09-27T17:31:59.779Z] result ok gambit B1 2026.09.21T03:15
[LGDC 2026-09-27T17:32:08.031Z] gate-consult deny gambit B1 2026.09.21T03:30 ms-since-last=10586
[LGDC 2026-09-27T17:32:24.246Z] launch gambit B1 2026.09.21T03:30
[LGDC 2026-09-27T17:32:24.766Z] result ok gambit B1 2026.09.21T03:30
[LGDC 2026-09-27T17:32:33.374Z] gate-consult deny gambit B1 2026.09.21T03:45 ms-since-last=11365
[LGDC 2026-09-27T17:32:49.968Z] launch gambit B1 2026.09.21T03:45
[LGDC 2026-09-27T17:32:50.371Z] result ok gambit B1 2026.09.21T03:45
[LGDC 2026-09-27T17:32:59.033Z] gate-consult deny gambit B1 2026.09.21T04:00 ms-since-last=11300
[LGDC 2026-09-27T17:33:15.273Z] launch gambit B1 2026.09.21T04:00
[LGDC 2026-09-27T17:33:15.287Z] result ok gambit B1 2026.09.21T04:00
[LGDC 2026-09-27T17:33:23.691Z] gate-consult deny gambit B1 2026.09.21T04:15 ms-since-last=10806
[LGDC 2026-09-27T17:33:42.833Z] launch gambit B1 2026.09.21T04:15
[LGDC 2026-09-27T17:33:42.845Z] result ok gambit B1 2026.09.21T04:15
[LGDC 2026-09-27T17:33:51.129Z] gate-consult deny gambit B1 2026.09.21T04:30 ms-since-last=13701
[LGDC 2026-09-27T17:34:07.777Z] launch gambit B1 2026.09.21T04:30
[LGDC 2026-09-27T17:34:07.789Z] result ok gambit B1 2026.09.21T04:30
[LGDC 2026-09-27T17:34:15.990Z] gate-consult deny gambit B1 2026.09.21T04:45 ms-since-last=10746
[LGDC 2026-09-27T17:34:32.008Z] launch gambit B1 2026.09.21T04:45
[LGDC 2026-09-27T17:34:32.022Z] result ok gambit B1 2026.09.21T04:45
[LGDC 2026-09-27T17:34:40.269Z] gate-consult deny gambit B1 2026.09.21T05:00 ms-since-last=10497
[LGDC 2026-09-27T17:34:56.298Z] launch gambit B1 2026.09.21T05:00
[LGDC 2026-09-27T17:34:56.311Z] result ok gambit B1 2026.09.21T05:00
[LGDC 2026-09-27T17:35:04.606Z] gate-consult deny gambit B1 2026.09.21T05:15 ms-since-last=10575
[LGDC 2026-09-27T17:35:20.611Z] launch gambit B1 2026.09.21T05:15
[LGDC 2026-09-27T17:35:20.623Z] result ok gambit B1 2026.09.21T05:15
[LGDC 2026-09-27T17:35:28.971Z] gate-consult deny gambit B1 2026.09.21T05:30 ms-since-last=10558
[LGDC 2026-09-27T17:35:44.891Z] launch gambit B1 2026.09.21T05:30
[LGDC 2026-09-27T17:35:44.905Z] result ok gambit B1 2026.09.21T05:30
[LGDC 2026-09-27T17:35:53.266Z] gate-consult deny gambit B1 2026.09.21T05:45 ms-since-last=10473
[LGDC 2026-09-27T17:36:09.377Z] launch gambit B1 2026.09.21T05:45
[LGDC 2026-09-27T17:36:09.389Z] result ok gambit B1 2026.09.21T05:45
[LGDC 2026-09-27T17:36:17.693Z] gate-consult deny gambit B1 2026.09.21T06:00 ms-since-last=10606
[LGDC 2026-09-27T17:36:33.799Z] launch gambit B1 2026.09.21T06:00
[LGDC 2026-09-27T17:36:33.813Z] result ok gambit B1 2026.09.21T06:00
[LGDC 2026-09-27T17:36:42.149Z] gate-consult deny gambit B1 2026.09.21T06:15 ms-since-last=10564
[LGDC 2026-09-27T17:36:58.280Z] launch gambit B1 2026.09.21T06:15
[LGDC 2026-09-27T17:36:58.293Z] result ok gambit B1 2026.09.21T06:15
[LGDC 2026-09-27T17:37:06.602Z] gate-consult deny gambit B1 2026.09.21T06:30 ms-since-last=10524
[LGDC 2026-09-27T17:37:22.693Z] launch gambit B1 2026.09.21T06:30
[LGDC 2026-09-27T17:37:22.705Z] result ok gambit B1 2026.09.21T06:30
[LGDC 2026-09-27T17:37:31.030Z] gate-consult deny gambit B1 2026.09.21T06:45 ms-since-last=10586
[LGDC 2026-09-27T17:37:47.182Z] launch gambit B1 2026.09.21T06:45
[LGDC 2026-09-27T17:37:47.195Z] result ok gambit B1 2026.09.21T06:45
[LGDC 2026-09-27T17:37:55.592Z] gate-consult deny gambit B1 2026.09.21T07:00 ms-since-last=10699
[LGDC 2026-09-27T17:38:11.751Z] launch gambit B1 2026.09.21T07:00
[LGDC 2026-09-27T17:38:11.764Z] result ok gambit B1 2026.09.21T07:00
[LGDC 2026-09-27T17:38:20.086Z] gate-consult deny gambit B1 2026.09.21T07:15 ms-since-last=10635
[LGDC 2026-09-27T17:38:36.707Z] launch gambit B1 2026.09.21T07:15
[LGDC 2026-09-27T17:38:36.720Z] result ok gambit B1 2026.09.21T07:15
[LGDC 2026-09-27T17:38:45.056Z] gate-consult deny gambit B1 2026.09.21T07:30 ms-since-last=11088
[GloTecAdapter] Error: indice GloTEC vacio
[LGDC 2026-09-27T17:39:01.287Z] launch gambit B1 2026.09.21T07:30
[LGDC 2026-09-27T17:39:01.299Z] result ok gambit B1 2026.09.21T07:30
[LGDC 2026-09-27T17:39:09.619Z] gate-consult deny gambit B1 2026.09.21T07:45 ms-since-last=10540
[LGDC 2026-09-27T17:39:25.702Z] launch gambit B1 2026.09.21T07:45
[LGDC 2026-09-27T17:39:25.836Z] result ok gambit B1 2026.09.21T07:45
[LGDC 2026-09-27T17:39:34.130Z] gate-consult deny gambit B1 2026.09.21T08:00 ms-since-last=10629
[LGDC 2026-09-27T17:39:50.306Z] launch gambit B1 2026.09.21T08:00
[LGDC 2026-09-27T17:39:50.317Z] result ok gambit B1 2026.09.21T08:00
[LGDC 2026-09-27T17:39:58.696Z] gate-consult deny gambit B1 2026.09.21T08:15 ms-since-last=10710
[LGDC 2026-09-27T17:40:14.788Z] launch gambit B1 2026.09.21T08:15
[LGDC 2026-09-27T17:40:14.802Z] result ok gambit B1 2026.09.21T08:15
[LGDC 2026-09-27T17:40:23.122Z] gate-consult deny gambit B1 2026.09.21T08:30 ms-since-last=10557
[LGDC 2026-09-27T17:40:39.248Z] launch gambit B1 2026.09.21T08:30
[LGDC 2026-09-27T17:40:39.261Z] result ok gambit B1 2026.09.21T08:30
[LGDC 2026-09-27T17:40:47.602Z] gate-consult deny gambit B1 2026.09.21T08:45 ms-since-last=10557
[LGDC 2026-09-27T17:41:04.442Z] launch gambit B1 2026.09.21T08:45
[LGDC 2026-09-27T17:41:04.455Z] result ok gambit B1 2026.09.21T08:45
[LGDC 2026-09-27T17:41:12.838Z] gate-consult deny gambit B1 2026.09.21T09:00 ms-since-last=11240
[LGDC 2026-09-27T17:41:28.994Z] launch gambit B1 2026.09.21T09:00
[LGDC 2026-09-27T17:41:29.005Z] result ok gambit B1 2026.09.21T09:00
[LGDC 2026-09-27T17:41:37.314Z] gate-consult deny gambit B1 2026.09.21T09:15 ms-since-last=10624
[LGDC 2026-09-27T17:41:53.552Z] launch gambit B1 2026.09.21T09:15
[LGDC 2026-09-27T17:41:53.565Z] result ok gambit B1 2026.09.21T09:15
[LGDC 2026-09-27T17:42:01.931Z] gate-consult deny gambit B1 2026.09.21T09:30 ms-since-last=10700
[LGDC 2026-09-27T17:42:18.306Z] launch gambit B1 2026.09.21T09:30
[LGDC 2026-09-27T17:42:18.318Z] result ok gambit B1 2026.09.21T09:30
[LGDC 2026-09-27T17:42:26.702Z] gate-consult deny gambit B1 2026.09.21T09:45 ms-since-last=10860
[LGDC 2026-09-27T17:42:48.927Z] launch gambit B1 2026.09.21T09:45
[LGDC 2026-09-27T17:42:48.941Z] result ok gambit B1 2026.09.21T09:45
[LGDC 2026-09-27T17:43:02.927Z] launch gambit B1 2026.09.21T10:00
[LGDC 2026-09-27T17:43:02.940Z] result ok gambit B1 2026.09.21T10:00
[LGDC 2026-09-27T17:43:11.342Z] gate-consult deny gambit B1 2026.09.21T10:15 ms-since-last=13981
[LGDC 2026-09-27T17:43:30.924Z] launch gambit B1 2026.09.21T10:15
[LGDC 2026-09-27T17:43:30.936Z] result ok gambit B1 2026.09.21T10:15
[LGDC 2026-09-27T17:43:39.352Z] gate-consult deny gambit B1 2026.09.21T10:30 ms-since-last=14137
[LGDC 2026-09-27T17:43:55.843Z] launch gambit B1 2026.09.21T10:30
[LGDC 2026-09-27T17:43:55.856Z] result ok gambit B1 2026.09.21T10:30
[LGDC 2026-09-27T17:44:04.253Z] gate-consult deny gambit B1 2026.09.21T10:45 ms-since-last=10872
[LGDC 2026-09-27T17:44:20.454Z] launch gambit B1 2026.09.21T10:45
[LGDC 2026-09-27T17:44:20.467Z] result ok gambit B1 2026.09.21T10:45
[LGDC 2026-09-27T17:44:29.207Z] gate-consult deny gambit B1 2026.09.21T11:00 ms-since-last=11022
[LGDC 2026-09-27T17:44:45.498Z] launch gambit B1 2026.09.21T11:00
[LGDC 2026-09-27T17:44:45.511Z] result ok gambit B1 2026.09.21T11:00
[LGDC 2026-09-27T17:44:53.921Z] gate-consult deny gambit B1 2026.09.21T11:15 ms-since-last=10573
[LGDC 2026-09-27T17:45:10.136Z] launch gambit foF2 2026.09.24T17:45
[LGDC 2026-09-27T17:45:10.149Z] result ok gambit foF2 2026.09.24T17:45
[LGDC 2026-09-27T17:45:18.520Z] gate-consult deny gambit hmF2 2026.09.24T17:45 ms-since-last=10633
[LGDC 2026-09-27T17:45:34.789Z] launch gambit hmF2 2026.09.24T17:45
[LGDC 2026-09-27T17:45:34.803Z] result ok gambit hmF2 2026.09.24T17:45
[LGDC 2026-09-27T17:45:43.220Z] gate-consult deny gambit B0 2026.09.24T17:45 ms-since-last=10759
[LGDC 2026-09-27T17:45:59.199Z] launch gambit B0 2026.09.24T17:45
[LGDC 2026-09-27T17:45:59.213Z] result ok gambit B0 2026.09.24T17:45
[LGDC 2026-09-27T17:46:07.625Z] gate-consult deny gambit B1 2026.09.21T11:15 ms-since-last=10513
[LGDC 2026-09-27T17:46:23.881Z] launch gambit B1 2026.09.21T11:15
[LGDC 2026-09-27T17:46:23.894Z] result ok gambit B1 2026.09.21T11:15
[LGDC 2026-09-27T17:46:32.321Z] gate-consult deny gambit B1 2026.09.21T11:30 ms-since-last=10769
[LGDC 2026-09-27T17:46:48.318Z] launch gambit B1 2026.09.21T11:30
[LGDC 2026-09-27T17:46:48.331Z] result ok gambit B1 2026.09.21T11:30
[LGDC 2026-09-27T17:46:56.793Z] gate-consult deny gambit B1 2026.09.21T11:45 ms-since-last=10504
[LGDC 2026-09-27T17:47:13.015Z] launch gambit B1 2026.09.21T11:45
[LGDC 2026-09-27T17:47:13.028Z] result ok gambit B1 2026.09.21T11:45
[LGDC 2026-09-27T17:47:21.469Z] gate-consult deny gambit B1 2026.09.21T12:00 ms-since-last=10689
[LGDC 2026-09-27T17:47:37.611Z] launch gambit B1 2026.09.21T12:00
[LGDC 2026-09-27T17:47:37.625Z] result ok gambit B1 2026.09.21T12:00
[LGDC 2026-09-27T17:47:46.040Z] gate-consult deny gambit B1 2026.09.21T12:15 ms-since-last=10652
[LGDC 2026-09-27T17:48:02.229Z] launch gambit B1 2026.09.21T12:15
[LGDC 2026-09-27T17:48:02.242Z] result ok gambit B1 2026.09.21T12:15
[LGDC 2026-09-27T17:48:10.705Z] gate-consult deny gambit B1 2026.09.21T12:30 ms-since-last=10661
[LGDC 2026-09-27T17:48:26.859Z] launch gambit B1 2026.09.21T12:30
[LGDC 2026-09-27T17:48:26.872Z] result ok gambit B1 2026.09.21T12:30
[LGDC 2026-09-27T17:48:35.365Z] gate-consult deny gambit B1 2026.09.21T12:45 ms-since-last=10706
[LGDC 2026-09-27T17:48:51.549Z] launch gambit B1 2026.09.21T12:45
[LGDC 2026-09-27T17:48:51.562Z] result ok gambit B1 2026.09.21T12:45
[LGDC 2026-09-27T17:49:00.462Z] gate-consult deny gambit B1 2026.09.21T13:00 ms-since-last=11128
[LGDC 2026-09-27T17:49:16.926Z] launch gambit B1 2026.09.21T13:00
[LGDC 2026-09-27T17:49:16.940Z] result ok gambit B1 2026.09.21T13:00
[LGDC 2026-09-27T17:49:25.429Z] gate-consult deny gambit B1 2026.09.21T13:15 ms-since-last=10886
[LGDC 2026-09-27T17:49:41.637Z] launch gambit B1 2026.09.21T13:15
[LGDC 2026-09-27T17:49:41.651Z] result ok gambit B1 2026.09.21T13:15
[LGDC 2026-09-27T17:49:50.132Z] gate-consult deny gambit B1 2026.09.21T13:30 ms-since-last=10746
[LGDC 2026-09-27T17:50:06.408Z] launch gambit B1 2026.09.21T13:30
[LGDC 2026-09-27T17:50:06.421Z] result ok gambit B1 2026.09.21T13:30
[GloTecAdapter] No se pudo obtener GeoJSON: HTTP 404
[LGDC 2026-09-27T17:50:15.198Z] gate-consult deny gambit B1 2026.09.21T13:45 ms-since-last=11045
[LGDC 2026-09-27T17:50:31.516Z] launch gambit B1 2026.09.21T13:45
[LGDC 2026-09-27T17:50:31.531Z] result ok gambit B1 2026.09.21T13:45
[LGDC 2026-09-27T17:50:39.980Z] gate-consult deny gambit B1 2026.09.21T14:00 ms-since-last=10744
[LGDC 2026-09-27T17:50:56.491Z] launch gambit B1 2026.09.21T14:00
[LGDC 2026-09-27T17:50:56.506Z] result ok gambit B1 2026.09.21T14:00
[LGDC 2026-09-27T17:51:05.018Z] gate-consult deny gambit B1 2026.09.21T14:15 ms-since-last=11015
[LGDC 2026-09-27T17:51:21.326Z] launch gambit B1 2026.09.21T14:15
[LGDC 2026-09-27T17:51:21.340Z] result ok gambit B1 2026.09.21T14:15
[LGDC 2026-09-27T17:51:29.828Z] gate-consult deny gambit B1 2026.09.21T14:30 ms-since-last=10755
[LGDC 2026-09-27T17:51:46.143Z] launch gambit B1 2026.09.21T14:30
[LGDC 2026-09-27T17:51:46.156Z] result ok gambit B1 2026.09.21T14:30
[LGDC 2026-09-27T17:51:54.758Z] gate-consult deny gambit B1 2026.09.21T14:45 ms-since-last=10831
[LGDC 2026-09-27T17:52:11.016Z] launch gambit B1 2026.09.21T14:45
[LGDC 2026-09-27T17:52:11.031Z] result ok gambit B1 2026.09.21T14:45
[LGDC 2026-09-27T17:52:19.559Z] gate-consult deny gambit B1 2026.09.21T15:00 ms-since-last=10722
[LGDC 2026-09-27T17:52:35.767Z] launch gambit B1 2026.09.21T15:00
[LGDC 2026-09-27T17:52:35.792Z] result ok gambit B1 2026.09.21T15:00
[LGDC 2026-09-27T17:52:53.140Z] launch gambit B1 2026.09.21T15:15
[LGDC 2026-09-27T17:52:53.159Z] result ok gambit B1 2026.09.21T15:15
[LGDC 2026-09-27T17:53:13.297Z] launch gambit B1 2026.09.21T15:30
[LGDC 2026-09-27T17:53:13.316Z] result ok gambit B1 2026.09.21T15:30
[LGDC 2026-09-27T17:53:30.288Z] launch gambit B1 2026.09.21T15:45
[LGDC 2026-09-27T17:53:30.306Z] result ok gambit B1 2026.09.21T15:45
[LGDC 2026-09-27T17:53:54.512Z] launch gambit B1 2026.09.21T16:00
[LGDC 2026-09-27T17:53:54.530Z] result ok gambit B1 2026.09.21T16:00
[LGDC 2026-09-27T17:54:10.435Z] launch gambit B1 2026.09.21T16:15
[LGDC 2026-09-27T17:54:10.456Z] result ok gambit B1 2026.09.21T16:15
[LGDC 2026-09-27T17:54:26.979Z] launch gambit B1 2026.09.21T16:30
[LGDC 2026-09-27T17:54:26.993Z] result ok gambit B1 2026.09.21T16:30
[LGDC 2026-09-27T17:54:37.543Z] gate-consult deny gambit B1 2026.09.21T16:45 ms-since-last=12756
[LGDC 2026-09-27T17:54:55.886Z] launch gambit B1 2026.09.21T16:45
[LGDC 2026-09-27T17:54:55.900Z] result ok gambit B1 2026.09.21T16:45
[LGDC 2026-09-27T17:55:06.516Z] gate-consult deny gambit B1 2026.09.21T17:00 ms-since-last=12842
[LGDC 2026-09-27T17:55:24.715Z] launch gambit B1 2026.09.21T17:00
[LGDC 2026-09-27T17:55:24.730Z] result ok gambit B1 2026.09.21T17:00
[LGDC 2026-09-27T17:55:35.019Z] gate-consult deny gambit B1 2026.09.21T17:15 ms-since-last=12512
[LGDC 2026-09-27T17:55:53.937Z] launch gambit B1 2026.09.21T17:15
[LGDC 2026-09-27T17:55:53.952Z] result ok gambit B1 2026.09.21T17:15
[LGDC 2026-09-27T17:56:04.557Z] gate-consult deny gambit B1 2026.09.21T17:30 ms-since-last=13389
[LGDC 2026-09-27T17:56:22.912Z] launch gambit B1 2026.09.21T17:30
[LGDC 2026-09-27T17:56:22.926Z] result ok gambit B1 2026.09.21T17:30
[LGDC 2026-09-27T17:56:34.487Z] gate-consult deny gambit B1 2026.09.21T17:45 ms-since-last=13791
[LGDC 2026-09-27T17:57:13.541Z] result fail gambit B1 2026.09.21T17:45 red/pre-gate
[LGDC 2026-09-27T17:57:33.379Z] launch gambit B1 2026.09.21T17:45
[LGDC 2026-09-27T17:57:33.394Z] result ok gambit B1 2026.09.21T17:45
[LGDC 2026-09-27T17:57:48.384Z] launch gambit B1 2026.09.21T18:00
[LGDC 2026-09-27T17:57:48.401Z] result ok gambit B1 2026.09.21T18:00
[LGDC 2026-09-27T17:58:02.110Z] result fail gambit B1 2026.09.21T18:15 red/pre-gate
[LGDC 2026-09-27T17:58:22.480Z] launch gambit B1 2026.09.21T18:15
[LGDC 2026-09-27T17:58:22.497Z] result ok gambit B1 2026.09.21T18:15
[LGDC 2026-09-27T17:58:37.802Z] launch gambit B1 2026.09.21T18:30
[LGDC 2026-09-27T17:58:37.818Z] result ok gambit B1 2026.09.21T18:30
[LGDC 2026-09-27T17:58:54.309Z] launch gambit B1 2026.09.21T18:45
[LGDC 2026-09-27T17:58:54.329Z] result ok gambit B1 2026.09.21T18:45
[LGDC 2026-09-27T17:59:09.566Z] launch gambit B1 2026.09.21T19:00
[LGDC 2026-09-27T17:59:09.581Z] result ok gambit B1 2026.09.21T19:00
[LGDC 2026-09-27T17:59:24.552Z] launch gambit B1 2026.09.21T19:15
[LGDC 2026-09-27T17:59:24.568Z] result ok gambit B1 2026.09.21T19:15
[LGDC 2026-09-27T17:59:39.610Z] launch gambit B1 2026.09.21T19:30
[LGDC 2026-09-27T17:59:39.625Z] result ok gambit B1 2026.09.21T19:30
[LGDC 2026-09-27T17:59:54.908Z] launch gambit B1 2026.09.21T19:45
[LGDC 2026-09-27T17:59:54.923Z] result ok gambit B1 2026.09.21T19:45
[LGDC 2026-09-27T18:00:10.287Z] launch gambit foF2 2026.09.24T18:00
[LGDC 2026-09-27T18:00:10.304Z] result ok gambit foF2 2026.09.24T18:00
[LGDC 2026-09-27T18:00:27.359Z] launch gambit hmF2 2026.09.24T18:00
[LGDC 2026-09-27T18:00:27.374Z] result ok gambit hmF2 2026.09.24T18:00
[LGDC 2026-09-27T18:00:43.884Z] launch gambit B0 2026.09.24T18:00
[LGDC 2026-09-27T18:00:43.900Z] result ok gambit B0 2026.09.24T18:00
[LGDC 2026-09-27T18:00:59.704Z] launch gambit B1 2026.09.21T20:00
[LGDC 2026-09-27T18:00:59.718Z] result ok gambit B1 2026.09.21T20:00
[LGDC 2026-09-27T18:01:15.077Z] launch gambit B1 2026.09.21T20:15
[LGDC 2026-09-27T18:01:15.092Z] result ok gambit B1 2026.09.21T20:15
[LGDC 2026-09-27T18:01:30.263Z] launch gambit B1 2026.09.21T20:30
[LGDC 2026-09-27T18:01:30.279Z] result ok gambit B1 2026.09.21T20:30
[LGDC 2026-09-27T18:01:46.224Z] launch gambit B1 2026.09.21T20:45
[LGDC 2026-09-27T18:01:46.242Z] result ok gambit B1 2026.09.21T20:45
[LGDC 2026-09-27T18:02:01.956Z] launch gambit B1 2026.09.21T21:00
[LGDC 2026-09-27T18:02:01.972Z] result ok gambit B1 2026.09.21T21:00
[LGDC 2026-09-27T18:02:17.300Z] launch gambit B1 2026.09.21T21:15
[LGDC 2026-09-27T18:02:17.316Z] result ok gambit B1 2026.09.21T21:15
[LGDC 2026-09-27T18:02:32.497Z] launch gambit B1 2026.09.21T21:30
[LGDC 2026-09-27T18:02:32.513Z] result ok gambit B1 2026.09.21T21:30
[LGDC 2026-09-27T18:02:47.605Z] launch gambit B1 2026.09.21T21:45
[LGDC 2026-09-27T18:02:47.622Z] result ok gambit B1 2026.09.21T21:45
[LGDC 2026-09-27T18:03:02.616Z] launch gambit B1 2026.09.21T22:00
[LGDC 2026-09-27T18:03:02.633Z] result ok gambit B1 2026.09.21T22:00
[LGDC 2026-09-27T18:03:14.972Z] gate-consult deny gambit B1 2026.09.21T22:15 ms-since-last=14579
[LGDC 2026-09-27T18:03:36.149Z] launch gambit B1 2026.09.21T22:15
[LGDC 2026-09-27T18:03:36.165Z] result ok gambit B1 2026.09.21T22:15
[LGDC 2026-09-27T18:03:50.838Z] launch gambit B1 2026.09.21T22:30
[LGDC 2026-09-27T18:03:50.854Z] result ok gambit B1 2026.09.21T22:30
[LGDC 2026-09-27T18:04:09.429Z] launch gambit B1 2026.09.21T22:45
[LGDC 2026-09-27T18:04:09.444Z] result ok gambit B1 2026.09.21T22:45
[LGDC 2026-09-27T18:04:21.829Z] gate-consult deny gambit B1 2026.09.21T23:00 ms-since-last=14638
[LGDC 2026-09-27T18:04:53.875Z] launch gambit B1 2026.09.21T23:00
[LGDC 2026-09-27T18:04:53.890Z] result ok gambit B1 2026.09.21T23:00
[LGDC 2026-09-27T18:05:06.151Z] gate-consult deny gambit B1 2026.09.21T23:15 ms-since-last=14484
[LGDC 2026-09-27T18:05:25.760Z] launch gambit B1 2026.09.21T23:15
[LGDC 2026-09-27T18:05:25.776Z] result ok gambit B1 2026.09.21T23:15
[LGDC 2026-09-27T18:05:37.898Z] gate-consult deny gambit B1 2026.09.21T23:30 ms-since-last=14279
[LGDC 2026-09-27T18:05:58.324Z] launch gambit B1 2026.09.21T23:30
[LGDC 2026-09-27T18:05:58.339Z] result ok gambit B1 2026.09.21T23:30
[LGDC 2026-09-27T18:06:10.032Z] gate-consult deny gambit B1 2026.09.21T23:45 ms-since-last=13930
[LGDC 2026-09-27T18:06:29.693Z] launch gambit B1 2026.09.21T23:45
[LGDC 2026-09-27T18:06:29.717Z] result ok gambit B1 2026.09.21T23:45
[LGDC 2026-09-27T18:06:47.428Z] launch gambit B1 2026.09.22T00:00
[LGDC 2026-09-27T18:06:47.454Z] result ok gambit B1 2026.09.22T00:00
[LGDC 2026-09-27T18:07:26.976Z] launch gambit B1 2026.09.22T00:15
[LGDC 2026-09-27T18:07:27.006Z] result ok gambit B1 2026.09.22T00:15
[LGDC 2026-09-27T18:07:39.457Z] gate-consult deny gambit B1 2026.09.22T00:30 ms-since-last=14809
[LGDC 2026-09-27T18:08:00.850Z] launch gambit B1 2026.09.22T00:30
[LGDC 2026-09-27T18:08:00.866Z] result ok gambit B1 2026.09.22T00:30
[LGDC 2026-09-27T18:08:13.542Z] gate-consult deny gambit B1 2026.09.22T00:45 ms-since-last=14880
[LGDC 2026-09-27T18:08:36.824Z] launch gambit B1 2026.09.22T00:45
[LGDC 2026-09-27T18:08:36.851Z] result ok gambit B1 2026.09.22T00:45
[LGDC 2026-09-27T18:08:53.319Z] launch gambit B1 2026.09.22T01:00
[LGDC 2026-09-27T18:08:53.337Z] result ok gambit B1 2026.09.22T01:00
[LGDC 2026-09-27T18:09:11.675Z] launch gambit B1 2026.09.22T01:15
[LGDC 2026-09-27T18:09:12.169Z] result ok gambit B1 2026.09.22T01:15
[LGDC 2026-09-27T18:09:29.985Z] launch gambit B1 2026.09.22T01:30
[LGDC 2026-09-27T18:09:29.999Z] result ok gambit B1 2026.09.22T01:30
[LGDC 2026-09-27T18:09:41.387Z] gate-consult deny gambit B1 2026.09.22T01:45 ms-since-last=13628
[LGDC 2026-09-27T18:10:02.400Z] launch gambit B1 2026.09.22T01:45
[LGDC 2026-09-27T18:10:02.415Z] result ok gambit B1 2026.09.22T01:45
[LGDC 2026-09-27T18:10:17.854Z] launch gambit B1 2026.09.22T02:00
[LGDC 2026-09-27T18:10:17.869Z] result ok gambit B1 2026.09.22T02:00
[LGDC 2026-09-27T18:10:33.257Z] launch gambit B1 2026.09.22T02:15
[LGDC 2026-09-27T18:10:33.272Z] result ok gambit B1 2026.09.22T02:15
[LGDC 2026-09-27T18:10:48.447Z] launch gambit B1 2026.09.22T02:30
[LGDC 2026-09-27T18:10:48.462Z] result ok gambit B1 2026.09.22T02:30
[LGDC 2026-09-27T18:11:04.441Z] launch gambit B1 2026.09.22T02:45
[LGDC 2026-09-27T18:11:04.454Z] result ok gambit B1 2026.09.22T02:45
[LGDC 2026-09-27T18:11:20.371Z] launch gambit B1 2026.09.22T03:00
[LGDC 2026-09-27T18:11:20.387Z] result ok gambit B1 2026.09.22T03:00
[LGDC 2026-09-27T18:11:35.592Z] launch gambit B1 2026.09.22T03:15
[LGDC 2026-09-27T18:11:35.608Z] result ok gambit B1 2026.09.22T03:15
[LGDC 2026-09-27T18:11:50.819Z] launch gambit B1 2026.09.22T03:30
[LGDC 2026-09-27T18:11:50.836Z] result ok gambit B1 2026.09.22T03:30
[LGDC 2026-09-27T18:12:07.270Z] launch gambit B1 2026.09.22T03:45
[LGDC 2026-09-27T18:12:07.287Z] result ok gambit B1 2026.09.22T03:45
[LGDC 2026-09-27T18:12:22.616Z] launch gambit B1 2026.09.22T04:00
[LGDC 2026-09-27T18:12:22.631Z] result ok gambit B1 2026.09.22T04:00
[LGDC 2026-09-27T18:12:38.103Z] launch gambit B1 2026.09.22T04:15
[LGDC 2026-09-27T18:12:38.119Z] result ok gambit B1 2026.09.22T04:15
[LGDC 2026-09-27T18:12:54.282Z] launch gambit B1 2026.09.22T04:30
[LGDC 2026-09-27T18:12:54.299Z] result ok gambit B1 2026.09.22T04:30
[LGDC 2026-09-27T18:13:10.955Z] launch gambit B1 2026.09.22T04:45
[LGDC 2026-09-27T18:13:10.971Z] result ok gambit B1 2026.09.22T04:45
[LGDC 2026-09-27T18:13:26.241Z] launch gambit B1 2026.09.22T05:00
[LGDC 2026-09-27T18:13:26.257Z] result ok gambit B1 2026.09.22T05:00
[LGDC 2026-09-27T18:13:45.252Z] launch gambit B1 2026.09.22T05:15
[LGDC 2026-09-27T18:13:45.266Z] result ok gambit B1 2026.09.22T05:15
[LGDC 2026-09-27T18:14:02.252Z] launch gambit B1 2026.09.22T05:30
[LGDC 2026-09-27T18:14:02.267Z] result ok gambit B1 2026.09.22T05:30
[LGDC 2026-09-27T18:14:21.250Z] launch gambit B1 2026.09.22T05:45
[LGDC 2026-09-27T18:14:21.268Z] result ok gambit B1 2026.09.22T05:45
[LGDC 2026-09-27T18:14:38.288Z] launch gambit B1 2026.09.22T06:00
[LGDC 2026-09-27T18:14:38.305Z] result ok gambit B1 2026.09.22T06:00
[LGDC 2026-09-27T18:14:56.584Z] launch gambit B1 2026.09.22T06:15
[LGDC 2026-09-27T18:14:56.628Z] result ok gambit B1 2026.09.22T06:15
[LGDC 2026-09-27T18:15:26.808Z] launch gambit foF2 2026.09.24T18:15
[LGDC 2026-09-27T18:15:26.871Z] result ok gambit foF2 2026.09.24T18:15
[LGDC 2026-09-27T18:15:50.286Z] launch gambit hmF2 2026.09.24T18:15
[LGDC 2026-09-27T18:15:50.301Z] result ok gambit hmF2 2026.09.24T18:15
[LGDC 2026-09-27T18:16:24.309Z] launch gambit B0 2026.09.24T18:15
[LGDC 2026-09-27T18:16:24.327Z] result ok gambit B0 2026.09.24T18:15
[LGDC 2026-09-27T18:16:46.315Z] launch gambit B1 2026.09.22T06:30
[LGDC 2026-09-27T18:16:46.333Z] result ok gambit B1 2026.09.22T06:30
[LGDC 2026-09-27T18:17:04.308Z] launch gambit B1 2026.09.22T06:45
[LGDC 2026-09-27T18:17:04.323Z] result ok gambit B1 2026.09.22T06:45
[LGDC 2026-09-27T18:17:23.311Z] launch gambit B1 2026.09.22T07:00
[LGDC 2026-09-27T18:17:23.326Z] result ok gambit B1 2026.09.22T07:00
[LGDC 2026-09-27T18:17:41.225Z] launch gambit B1 2026.09.22T07:15
[LGDC 2026-09-27T18:17:41.238Z] result ok gambit B1 2026.09.22T07:15
[LGDC 2026-09-27T18:18:00.306Z] launch gambit B1 2026.09.22T07:30
[LGDC 2026-09-27T18:18:00.322Z] result ok gambit B1 2026.09.22T07:30
[LGDC 2026-09-27T18:18:17.109Z] launch gambit B1 2026.09.22T07:45
[LGDC 2026-09-27T18:18:17.123Z] result ok gambit B1 2026.09.22T07:45
[LGDC 2026-09-27T18:18:36.314Z] launch gambit B1 2026.09.22T08:00
[LGDC 2026-09-27T18:18:36.341Z] result ok gambit B1 2026.09.22T08:00
[LGDC 2026-09-27T18:19:02.337Z] launch gambit B1 2026.09.22T08:15
[LGDC 2026-09-27T18:19:02.351Z] result ok gambit B1 2026.09.22T08:15
[LGDC 2026-09-27T18:19:20.335Z] launch gambit B1 2026.09.22T08:30
[LGDC 2026-09-27T18:19:20.353Z] result ok gambit B1 2026.09.22T08:30
[LGDC 2026-09-27T18:19:37.341Z] launch gambit B1 2026.09.22T08:45
[LGDC 2026-09-27T18:19:37.359Z] result ok gambit B1 2026.09.22T08:45
[LGDC 2026-09-27T18:19:54.337Z] launch gambit B1 2026.09.22T09:00
[LGDC 2026-09-27T18:19:54.351Z] result ok gambit B1 2026.09.22T09:00
[LGDC 2026-09-27T18:20:12.346Z] launch gambit B1 2026.09.22T09:15
[LGDC 2026-09-27T18:20:12.361Z] result ok gambit B1 2026.09.22T09:15
[LGDC 2026-09-27T18:20:29.354Z] launch gambit B1 2026.09.22T09:30
[LGDC 2026-09-27T18:20:29.368Z] result ok gambit B1 2026.09.22T09:30
[LGDC 2026-09-27T18:20:47.354Z] launch gambit B1 2026.09.22T09:45
[LGDC 2026-09-27T18:20:47.370Z] result ok gambit B1 2026.09.22T09:45
[LGDC 2026-09-27T18:21:05.361Z] launch gambit B1 2026.09.22T10:00
[LGDC 2026-09-27T18:21:05.374Z] result ok gambit B1 2026.09.22T10:00
[LGDC 2026-09-27T18:21:25.361Z] launch gambit B1 2026.09.22T10:15
[LGDC 2026-09-27T18:21:25.374Z] result ok gambit B1 2026.09.22T10:15
[LGDC 2026-09-27T18:21:43.365Z] launch gambit B1 2026.09.22T10:30
[LGDC 2026-09-27T18:21:43.383Z] result ok gambit B1 2026.09.22T10:30
[LGDC 2026-09-27T18:22:02.370Z] launch gambit B1 2026.09.22T10:45
[LGDC 2026-09-27T18:22:02.386Z] result ok gambit B1 2026.09.22T10:45
[LGDC 2026-09-27T18:22:19.259Z] launch gambit B1 2026.09.22T11:00
[LGDC 2026-09-27T18:22:19.275Z] result ok gambit B1 2026.09.22T11:00
[LGDC 2026-09-27T18:22:39.410Z] launch gambit B1 2026.09.22T11:15
[LGDC 2026-09-27T18:22:39.434Z] result ok gambit B1 2026.09.22T11:15
[LGDC 2026-09-27T18:23:00.397Z] launch gambit B1 2026.09.22T11:30
[LGDC 2026-09-27T18:23:00.418Z] result ok gambit B1 2026.09.22T11:30
[LGDC 2026-09-27T18:23:15.940Z] launch gambit B1 2026.09.22T11:45
[LGDC 2026-09-27T18:23:15.960Z] result ok gambit B1 2026.09.22T11:45
[LGDC 2026-09-27T18:23:39.399Z] launch gambit B1 2026.09.22T12:00
[LGDC 2026-09-27T18:23:39.414Z] result ok gambit B1 2026.09.22T12:00
[LGDC 2026-09-27T18:23:56.401Z] launch gambit B1 2026.09.22T12:15
[LGDC 2026-09-27T18:23:56.415Z] result ok gambit B1 2026.09.22T12:15
[LGDC 2026-09-27T18:24:13.401Z] launch gambit B1 2026.09.22T12:30
[LGDC 2026-09-27T18:24:13.415Z] result ok gambit B1 2026.09.22T12:30
[LGDC 2026-09-27T18:24:31.697Z] launch gambit B1 2026.09.22T12:45
[LGDC 2026-09-27T18:24:31.715Z] result ok gambit B1 2026.09.22T12:45
[LGDC 2026-09-27T18:24:49.836Z] launch gambit B1 2026.09.22T13:00
[LGDC 2026-09-27T18:24:49.851Z] result ok gambit B1 2026.09.22T13:00
[LGDC 2026-09-27T18:25:12.442Z] launch gambit B1 2026.09.22T13:15
[LGDC 2026-09-27T18:25:12.459Z] result ok gambit B1 2026.09.22T13:15
[LGDC 2026-09-27T18:25:36.431Z] launch gambit B1 2026.09.22T13:30
[LGDC 2026-09-27T18:25:36.545Z] result ok gambit B1 2026.09.22T13:30
[LGDC 2026-09-27T18:25:53.435Z] launch gambit B1 2026.09.22T13:45
[LGDC 2026-09-27T18:25:53.452Z] result ok gambit B1 2026.09.22T13:45
[LGDC 2026-09-27T18:26:10.439Z] launch gambit B1 2026.09.22T14:00
[LGDC 2026-09-27T18:26:10.463Z] result ok gambit B1 2026.09.22T14:00
[LGDC 2026-09-27T18:26:27.456Z] launch gambit B1 2026.09.22T14:15
[LGDC 2026-09-27T18:26:27.470Z] result ok gambit B1 2026.09.22T14:15
[LGDC 2026-09-27T18:26:46.457Z] launch gambit B1 2026.09.22T14:30
[LGDC 2026-09-27T18:26:46.473Z] result ok gambit B1 2026.09.22T14:30
[LGDC 2026-09-27T18:27:10.459Z] launch gambit B1 2026.09.22T14:45
[LGDC 2026-09-27T18:27:10.474Z] result ok gambit B1 2026.09.22T14:45
[LGDC 2026-09-27T18:27:29.144Z] launch gambit B1 2026.09.22T15:00
[LGDC 2026-09-27T18:27:29.159Z] result ok gambit B1 2026.09.22T15:00
[LGDC 2026-09-27T18:27:46.534Z] launch gambit B1 2026.09.22T15:15
[LGDC 2026-09-27T18:27:46.556Z] result ok gambit B1 2026.09.22T15:15
[LGDC 2026-09-27T18:28:05.461Z] launch gambit B1 2026.09.22T15:30
[LGDC 2026-09-27T18:28:05.475Z] result ok gambit B1 2026.09.22T15:30
[LGDC 2026-09-27T18:28:24.485Z] launch gambit B1 2026.09.22T15:45
[LGDC 2026-09-27T18:28:24.502Z] result ok gambit B1 2026.09.22T15:45
[LGDC 2026-09-27T18:28:38.013Z] result fail gambit B1 2026.09.22T16:00 red/pre-gate
[LGDC 2026-09-27T18:28:58.801Z] launch gambit B1 2026.09.22T16:00
[LGDC 2026-09-27T18:28:58.815Z] result ok gambit B1 2026.09.22T16:00
[LGDC 2026-09-27T18:29:14.055Z] launch gambit B1 2026.09.22T16:15
[LGDC 2026-09-27T18:29:14.075Z] result ok gambit B1 2026.09.22T16:15
[LGDC 2026-09-27T18:29:29.762Z] launch gambit B1 2026.09.22T16:30
[LGDC 2026-09-27T18:29:29.778Z] result ok gambit B1 2026.09.22T16:30
[LGDC 2026-09-27T18:29:45.242Z] launch gambit B1 2026.09.22T16:45
[LGDC 2026-09-27T18:29:45.257Z] result ok gambit B1 2026.09.22T16:45
[LGDC 2026-09-27T18:30:00.644Z] launch gambit B1 2026.09.22T17:00
[LGDC 2026-09-27T18:30:00.844Z] result ok gambit B1 2026.09.22T17:00
[LGDC 2026-09-27T18:30:16.264Z] launch gambit foF2 2026.09.24T18:30
[LGDC 2026-09-27T18:30:16.280Z] result ok gambit foF2 2026.09.24T18:30
[LGDC 2026-09-27T18:30:31.329Z] launch gambit hmF2 2026.09.24T18:30
[LGDC 2026-09-27T18:30:31.343Z] result ok gambit hmF2 2026.09.24T18:30
[LGDC 2026-09-27T18:30:47.763Z] launch gambit B0 2026.09.24T18:30
[LGDC 2026-09-27T18:30:47.778Z] result ok gambit B0 2026.09.24T18:30
[LGDC 2026-09-27T18:31:03.070Z] launch gambit B1 2026.09.22T17:15
[LGDC 2026-09-27T18:31:03.085Z] result ok gambit B1 2026.09.22T17:15
[LGDC 2026-09-27T18:31:19.713Z] launch gambit B1 2026.09.22T17:30
[LGDC 2026-09-27T18:31:19.730Z] result ok gambit B1 2026.09.22T17:30
[LGDC 2026-09-27T18:31:37.700Z] launch gambit B1 2026.09.22T17:45
[LGDC 2026-09-27T18:31:37.717Z] result ok gambit B1 2026.09.22T17:45
[LGDC 2026-09-27T18:31:56.128Z] launch gambit B1 2026.09.22T18:00
[LGDC 2026-09-27T18:31:56.144Z] result ok gambit B1 2026.09.22T18:00
[LGDC 2026-09-27T18:32:13.627Z] launch gambit B1 2026.09.22T18:15
[LGDC 2026-09-27T18:32:13.644Z] result ok gambit B1 2026.09.22T18:15
[LGDC 2026-09-27T18:32:29.884Z] launch gambit B1 2026.09.22T18:30
[LGDC 2026-09-27T18:32:29.899Z] result ok gambit B1 2026.09.22T18:30
[LGDC 2026-09-27T18:32:46.742Z] launch gambit B1 2026.09.22T18:45
[LGDC 2026-09-27T18:32:46.757Z] result ok gambit B1 2026.09.22T18:45
[LGDC 2026-09-27T18:33:01.875Z] launch gambit B1 2026.09.22T19:00
[LGDC 2026-09-27T18:33:01.890Z] result ok gambit B1 2026.09.22T19:00
[LGDC 2026-09-27T18:33:14.645Z] gate-consult deny gambit B1 2026.09.22T19:15 ms-since-last=14810
[LGDC 2026-09-27T18:33:36.560Z] launch gambit B1 2026.09.22T19:15
[LGDC 2026-09-27T18:33:36.575Z] result ok gambit B1 2026.09.22T19:15
[LGDC 2026-09-27T18:33:51.253Z] launch gambit B1 2026.09.22T19:30
[LGDC 2026-09-27T18:33:51.267Z] result ok gambit B1 2026.09.22T19:30
[LGDC 2026-09-27T18:34:08.753Z] launch gambit B1 2026.09.22T19:45
[LGDC 2026-09-27T18:34:08.769Z] result ok gambit B1 2026.09.22T19:45
[LGDC 2026-09-27T18:34:27.280Z] launch gambit B1 2026.09.23T20:00
[LGDC 2026-09-27T18:34:27.295Z] result ok gambit B1 2026.09.23T20:00
[LGDC 2026-09-27T18:34:42.895Z] launch gambit B1 2026.09.23T20:15
[LGDC 2026-09-27T18:34:42.910Z] result ok gambit B1 2026.09.23T20:15
[LGDC 2026-09-27T18:34:58.333Z] launch gambit B1 2026.09.23T20:30
[LGDC 2026-09-27T18:34:58.348Z] result ok gambit B1 2026.09.23T20:30
[LGDC 2026-09-27T18:35:13.513Z] launch gambit B1 2026.09.23T20:45
[LGDC 2026-09-27T18:35:13.528Z] result ok gambit B1 2026.09.23T20:45
[LGDC 2026-09-27T18:35:28.992Z] launch gambit B1 2026.09.23T21:00
[LGDC 2026-09-27T18:35:29.013Z] result ok gambit B1 2026.09.23T21:00
[LGDC 2026-09-27T18:35:44.540Z] launch gambit B1 2026.09.23T21:15
[LGDC 2026-09-27T18:35:44.556Z] result ok gambit B1 2026.09.23T21:15
[LGDC 2026-09-27T18:36:00.384Z] launch gambit B1 2026.09.23T21:30
[LGDC 2026-09-27T18:36:00.399Z] result ok gambit B1 2026.09.23T21:30
[LGDC 2026-09-27T18:36:15.947Z] launch gambit B1 2026.09.23T21:45
[LGDC 2026-09-27T18:36:15.964Z] result ok gambit B1 2026.09.23T21:45
[LGDC 2026-09-27T18:36:32.252Z] launch gambit B1 2026.09.23T22:00
[LGDC 2026-09-27T18:36:32.267Z] result ok gambit B1 2026.09.23T22:00
[LGDC 2026-09-27T18:36:44.996Z] gate-consult deny gambit B1 2026.09.23T22:15 ms-since-last=14907
[LGDC 2026-09-27T18:37:07.626Z] launch gambit B1 2026.09.23T22:15
[LGDC 2026-09-27T18:37:07.641Z] result ok gambit B1 2026.09.23T22:15
[LGDC 2026-09-27T18:37:22.734Z] launch gambit B1 2026.09.23T22:30
[LGDC 2026-09-27T18:37:22.750Z] result ok gambit B1 2026.09.23T22:30
[LGDC 2026-09-27T18:37:37.883Z] launch gambit B1 2026.09.23T22:45
[LGDC 2026-09-27T18:37:37.900Z] result ok gambit B1 2026.09.23T22:45
[LGDC 2026-09-27T18:37:53.433Z] launch gambit B1 2026.09.23T23:00
[LGDC 2026-09-27T18:37:53.448Z] result ok gambit B1 2026.09.23T23:00
[LGDC 2026-09-27T18:38:09.088Z] launch gambit B1 2026.09.23T23:15
[LGDC 2026-09-27T18:38:09.103Z] result ok gambit B1 2026.09.23T23:15
[LGDC 2026-09-27T18:38:24.953Z] launch gambit B1 2026.09.23T23:30
[LGDC 2026-09-27T18:38:24.971Z] result ok gambit B1 2026.09.23T23:30
[LGDC 2026-09-27T18:38:40.916Z] launch gambit B1 2026.09.23T23:45
[LGDC 2026-09-27T18:38:40.931Z] result ok gambit B1 2026.09.23T23:45
[LGDC 2026-09-27T18:38:56.530Z] launch gambit B1 2026.09.24T00:00
[LGDC 2026-09-27T18:38:56.545Z] result ok gambit B1 2026.09.24T00:00
[LGDC 2026-09-27T18:39:12.195Z] launch gambit B1 2026.09.24T00:15
[LGDC 2026-09-27T18:39:12.209Z] result ok gambit B1 2026.09.24T00:15
[LGDC 2026-09-27T18:39:27.266Z] launch gambit B1 2026.09.24T00:30
[LGDC 2026-09-27T18:39:27.285Z] result ok gambit B1 2026.09.24T00:30
[LGDC 2026-09-27T18:39:42.644Z] launch gambit B1 2026.09.24T00:45
[LGDC 2026-09-27T18:39:42.660Z] result ok gambit B1 2026.09.24T00:45
[LGDC 2026-09-27T18:40:05.723Z] launch gambit B1 2026.09.24T01:00
[LGDC 2026-09-27T18:40:05.744Z] result ok gambit B1 2026.09.24T01:00
[LGDC 2026-09-27T18:40:34.209Z] launch gambit B1 2026.09.24T01:15
[LGDC 2026-09-27T18:40:34.227Z] result ok gambit B1 2026.09.24T01:15
[LGDC 2026-09-27T18:40:49.275Z] launch gambit B1 2026.09.24T01:30
[LGDC 2026-09-27T18:40:49.290Z] result ok gambit B1 2026.09.24T01:30
[LGDC 2026-09-27T18:41:04.677Z] launch gambit B1 2026.09.24T01:45
[LGDC 2026-09-27T18:41:04.692Z] result ok gambit B1 2026.09.24T01:45
[LGDC 2026-09-27T18:41:19.873Z] launch gambit B1 2026.09.24T02:00
[LGDC 2026-09-27T18:41:19.891Z] result ok gambit B1 2026.09.24T02:00
[LGDC 2026-09-27T18:41:35.164Z] launch gambit B1 2026.09.24T02:15
[LGDC 2026-09-27T18:41:35.177Z] result ok gambit B1 2026.09.24T02:15
[LGDC 2026-09-27T18:41:50.182Z] launch gambit B1 2026.09.24T02:30
[LGDC 2026-09-27T18:41:50.200Z] result ok gambit B1 2026.09.24T02:30
[LGDC 2026-09-27T18:42:08.221Z] launch gambit B1 2026.09.24T02:45
[LGDC 2026-09-27T18:42:08.236Z] result ok gambit B1 2026.09.24T02:45
[LGDC 2026-09-27T18:42:24.051Z] launch gambit B1 2026.09.24T03:00
[LGDC 2026-09-27T18:42:24.065Z] result ok gambit B1 2026.09.24T03:00
[LGDC 2026-09-27T18:42:39.677Z] launch gambit B1 2026.09.24T03:15
[LGDC 2026-09-27T18:42:39.694Z] result ok gambit B1 2026.09.24T03:15
[LGDC 2026-09-27T18:42:55.429Z] launch gambit B1 2026.09.24T03:30
[LGDC 2026-09-27T18:42:55.448Z] result ok gambit B1 2026.09.24T03:30
[LGDC 2026-09-27T18:43:10.888Z] launch gambit B1 2026.09.24T03:45
[LGDC 2026-09-27T18:43:10.904Z] result ok gambit B1 2026.09.24T03:45
[LGDC 2026-09-27T18:43:26.348Z] launch gambit B1 2026.09.24T04:00
[LGDC 2026-09-27T18:43:26.362Z] result ok gambit B1 2026.09.24T04:00
[LGDC 2026-09-27T18:43:41.623Z] launch gambit B1 2026.09.24T04:15
[LGDC 2026-09-27T18:43:41.637Z] result ok gambit B1 2026.09.24T04:15
[LGDC 2026-09-27T18:43:57.298Z] launch gambit B1 2026.09.24T04:30
[LGDC 2026-09-27T18:43:57.313Z] result ok gambit B1 2026.09.24T04:30
[LGDC 2026-09-27T18:44:12.609Z] launch gambit B1 2026.09.24T04:45
[LGDC 2026-09-27T18:44:12.624Z] result ok gambit B1 2026.09.24T04:45
[LGDC 2026-09-27T18:44:27.927Z] launch gambit B1 2026.09.24T05:00
[LGDC 2026-09-27T18:44:27.942Z] result ok gambit B1 2026.09.24T05:00
[LGDC 2026-09-27T18:44:43.094Z] launch gambit B1 2026.09.24T05:15
[LGDC 2026-09-27T18:44:43.109Z] result ok gambit B1 2026.09.24T05:15
[LGDC 2026-09-27T18:44:58.475Z] launch gambit B1 2026.09.24T05:30
[LGDC 2026-09-27T18:44:58.489Z] result ok gambit B1 2026.09.24T05:30
[LGDC 2026-09-27T18:45:13.747Z] launch gambit foF2 2026.09.24T18:45
[LGDC 2026-09-27T18:45:13.766Z] result ok gambit foF2 2026.09.24T18:45
[LGDC 2026-09-27T18:45:29.043Z] launch gambit hmF2 2026.09.24T18:45
[LGDC 2026-09-27T18:45:29.058Z] result ok gambit hmF2 2026.09.24T18:45
[LGDC 2026-09-27T18:45:44.368Z] launch gambit B0 2026.09.24T18:45
[LGDC 2026-09-27T18:45:44.384Z] result ok gambit B0 2026.09.24T18:45
[LGDC 2026-09-27T18:46:00.453Z] launch gambit B1 2026.09.24T05:45
[LGDC 2026-09-27T18:46:00.471Z] result ok gambit B1 2026.09.24T05:45
[LGDC 2026-09-27T18:46:21.548Z] launch gambit B1 2026.09.24T06:00
[LGDC 2026-09-27T18:46:21.563Z] result ok gambit B1 2026.09.24T06:00
[LGDC 2026-09-27T18:46:37.927Z] launch gambit B1 2026.09.24T06:15
[LGDC 2026-09-27T18:46:37.943Z] result ok gambit B1 2026.09.24T06:15
[LGDC 2026-09-27T18:46:54.625Z] launch gambit B1 2026.09.24T06:30
[LGDC 2026-09-27T18:46:54.642Z] result ok gambit B1 2026.09.24T06:30
[LGDC 2026-09-27T18:47:10.699Z] launch gambit B1 2026.09.24T06:45
[LGDC 2026-09-27T18:47:10.713Z] result ok gambit B1 2026.09.24T06:45
[LGDC 2026-09-27T18:47:26.155Z] launch gambit B1 2026.09.24T07:00
[LGDC 2026-09-27T18:47:26.170Z] result ok gambit B1 2026.09.24T07:00
[LGDC 2026-09-27T18:47:42.845Z] launch gambit B1 2026.09.24T07:15
[LGDC 2026-09-27T18:47:42.862Z] result ok gambit B1 2026.09.24T07:15
[LGDC 2026-09-27T18:47:59.504Z] launch gambit B1 2026.09.24T07:30
[LGDC 2026-09-27T18:47:59.519Z] result ok gambit B1 2026.09.24T07:30
[LGDC 2026-09-27T18:48:15.316Z] launch gambit B1 2026.09.24T07:45
[LGDC 2026-09-27T18:48:15.331Z] result ok gambit B1 2026.09.24T07:45
[LGDC 2026-09-27T18:48:30.745Z] launch gambit B1 2026.09.24T08:00
[LGDC 2026-09-27T18:48:30.990Z] result ok gambit B1 2026.09.24T08:00
[LGDC 2026-09-27T18:48:46.490Z] launch gambit B1 2026.09.24T08:15
[LGDC 2026-09-27T18:48:46.504Z] result ok gambit B1 2026.09.24T08:15
[LGDC 2026-09-27T18:49:01.495Z] launch gambit B1 2026.09.24T08:30
[LGDC 2026-09-27T18:49:01.514Z] result ok gambit B1 2026.09.24T08:30
[LGDC 2026-09-27T18:49:13.906Z] gate-consult deny gambit B1 2026.09.24T08:45 ms-since-last=14600
[LGDC 2026-09-27T18:49:34.181Z] launch gambit B1 2026.09.24T08:45
[LGDC 2026-09-27T18:49:34.195Z] result ok gambit B1 2026.09.24T08:45
[LGDC 2026-09-27T18:49:49.510Z] launch gambit B1 2026.09.24T09:00
[LGDC 2026-09-27T18:49:49.524Z] result ok gambit B1 2026.09.24T09:00
[LGDC 2026-09-27T18:50:04.511Z] launch gambit B1 2026.09.24T09:15
[LGDC 2026-09-27T18:50:04.525Z] result ok gambit B1 2026.09.24T09:15
[LGDC 2026-09-27T18:50:19.337Z] launch gambit B1 2026.09.24T09:30
[LGDC 2026-09-27T18:50:19.351Z] result ok gambit B1 2026.09.24T09:30
[LGDC 2026-09-27T18:50:32.035Z] gate-consult deny gambit B1 2026.09.24T09:45 ms-since-last=14806
[LGDC 2026-09-27T18:50:53.639Z] launch gambit B1 2026.09.24T09:45
[LGDC 2026-09-27T18:50:53.654Z] result ok gambit B1 2026.09.24T09:45
[LGDC 2026-09-27T18:51:09.228Z] launch gambit B1 2026.09.24T10:00
[LGDC 2026-09-27T18:51:09.242Z] result ok gambit B1 2026.09.24T10:00
[LGDC 2026-09-27T18:51:24.868Z] launch gambit B1 2026.09.24T10:15
[LGDC 2026-09-27T18:51:24.883Z] result ok gambit B1 2026.09.24T10:15
[LGDC 2026-09-27T18:51:40.340Z] launch gambit B1 2026.09.24T10:30
[LGDC 2026-09-27T18:51:40.354Z] result ok gambit B1 2026.09.24T10:30
[LGDC 2026-09-27T18:51:55.960Z] launch gambit B1 2026.09.24T10:45
[LGDC 2026-09-27T18:51:55.975Z] result ok gambit B1 2026.09.24T10:45
[LGDC 2026-09-27T18:52:11.709Z] launch gambit B1 2026.09.24T11:00
[LGDC 2026-09-27T18:52:11.723Z] result ok gambit B1 2026.09.24T11:00
[LGDC 2026-09-27T18:52:27.583Z] launch gambit B1 2026.09.24T11:15
[LGDC 2026-09-27T18:52:27.601Z] result ok gambit B1 2026.09.24T11:15
[LGDC 2026-09-27T18:52:43.330Z] launch gambit B1 2026.09.24T11:30
[LGDC 2026-09-27T18:52:43.344Z] result ok gambit B1 2026.09.24T11:30
[LGDC 2026-09-27T18:52:59.342Z] launch gambit B1 2026.09.24T11:45
[LGDC 2026-09-27T18:52:59.360Z] result ok gambit B1 2026.09.24T11:45
[LGDC 2026-09-27T18:53:16.019Z] launch gambit B1 2026.09.24T12:00
[LGDC 2026-09-27T18:53:16.033Z] result ok gambit B1 2026.09.24T12:00
[LGDC 2026-09-27T18:53:34.590Z] launch gambit B1 2026.09.24T12:15
[LGDC 2026-09-27T18:53:34.607Z] result ok gambit B1 2026.09.24T12:15
[LGDC 2026-09-27T18:53:52.624Z] launch gambit B1 2026.09.24T12:30
[LGDC 2026-09-27T18:53:52.641Z] result ok gambit B1 2026.09.24T12:30
[LGDC 2026-09-27T18:54:10.218Z] launch gambit B1 2026.09.24T12:45
[LGDC 2026-09-27T18:54:10.233Z] result ok gambit B1 2026.09.24T12:45
[LGDC 2026-09-27T18:54:25.500Z] launch gambit B1 2026.09.24T13:00
[LGDC 2026-09-27T18:54:25.515Z] result ok gambit B1 2026.09.24T13:00
[LGDC 2026-09-27T18:54:40.671Z] launch gambit B1 2026.09.24T13:15
[LGDC 2026-09-27T18:54:40.688Z] result ok gambit B1 2026.09.24T13:15
[LGDC 2026-09-27T18:54:56.275Z] launch gambit B1 2026.09.24T13:30
[LGDC 2026-09-27T18:54:56.291Z] result ok gambit B1 2026.09.24T13:30
[LGDC 2026-09-27T18:55:11.425Z] launch gambit B1 2026.09.24T13:45
[LGDC 2026-09-27T18:55:11.441Z] result ok gambit B1 2026.09.24T13:45
[LGDC 2026-09-27T18:55:45.746Z] launch gambit B1 2026.09.24T14:00
[LGDC 2026-09-27T18:55:45.764Z] result ok gambit B1 2026.09.24T14:00
[LGDC 2026-09-27T18:56:16.499Z] launch gambit B1 2026.09.24T14:15
[LGDC 2026-09-27T18:56:16.516Z] result ok gambit B1 2026.09.24T14:15
[LGDC 2026-09-27T18:56:36.168Z] launch gambit B1 2026.09.24T14:30
[LGDC 2026-09-27T18:56:36.183Z] result ok gambit B1 2026.09.24T14:30
[LGDC 2026-09-27T18:56:59.267Z] launch gambit B1 2026.09.24T14:45
[LGDC 2026-09-27T18:56:59.383Z] result ok gambit B1 2026.09.24T14:45
[LGDC 2026-09-27T18:57:16.629Z] launch gambit B1 2026.09.24T15:00
[LGDC 2026-09-27T18:57:16.645Z] result ok gambit B1 2026.09.24T15:00
[LGDC 2026-09-27T18:57:31.916Z] launch gambit B1 2026.09.24T15:15
[LGDC 2026-09-27T18:57:31.936Z] result ok gambit B1 2026.09.24T15:15
[LGDC 2026-09-27T18:57:48.626Z] launch gambit B1 2026.09.24T15:30
[LGDC 2026-09-27T18:57:48.642Z] result ok gambit B1 2026.09.24T15:30
[LGDC 2026-09-27T18:58:10.067Z] launch gambit B1 2026.09.24T15:45
[LGDC 2026-09-27T18:58:10.095Z] result ok gambit B1 2026.09.24T15:45
[LGDC 2026-09-27T18:58:40.751Z] launch gambit B1 2026.09.24T16:00
[LGDC 2026-09-27T18:58:40.770Z] result ok gambit B1 2026.09.24T16:00
[LGDC 2026-09-27T18:59:14.904Z] launch gambit B1 2026.09.24T16:15
[LGDC 2026-09-27T18:59:14.925Z] result ok gambit B1 2026.09.24T16:15
[LGDC 2026-09-27T18:59:51.133Z] launch gambit B1 2026.09.24T16:30
[LGDC 2026-09-27T18:59:51.157Z] result ok gambit B1 2026.09.24T16:30
[LGDC 2026-09-27T19:00:14.675Z] launch gambit foF2 2026.09.24T19:00
[LGDC 2026-09-27T19:00:14.697Z] result ok gambit foF2 2026.09.24T19:00
[LGDC 2026-09-27T19:00:39.674Z] launch gambit hmF2 2026.09.24T19:00
[LGDC 2026-09-27T19:00:39.690Z] result ok gambit hmF2 2026.09.24T19:00
[LGDC 2026-09-27T19:00:57.478Z] launch gambit B0 2026.09.24T19:00
[LGDC 2026-09-27T19:00:57.494Z] result ok gambit B0 2026.09.24T19:00
[LGDC 2026-09-27T19:01:14.917Z] launch gambit B1 2026.09.24T16:45
[LGDC 2026-09-27T19:01:14.933Z] result ok gambit B1 2026.09.24T16:45
[LGDC 2026-09-27T19:01:34.306Z] launch gambit B1 2026.09.24T17:00
[LGDC 2026-09-27T19:01:34.323Z] result ok gambit B1 2026.09.24T17:00
[LGDC 2026-09-27T19:01:51.800Z] launch gambit B1 2026.09.24T17:15
[LGDC 2026-09-27T19:01:51.818Z] result ok gambit B1 2026.09.24T17:15
[LGDC 2026-09-27T19:02:17.045Z] launch gambit B1 2026.09.24T17:30
[LGDC 2026-09-27T19:02:17.065Z] result ok gambit B1 2026.09.24T17:30
[LGDC 2026-09-27T19:02:59.649Z] launch gambit B1 2026.09.24T17:45
[LGDC 2026-09-27T19:02:59.676Z] result ok gambit B1 2026.09.24T17:45
[LGDC 2026-09-27T19:03:16.440Z] launch gambit B1 2026.09.24T18:00
[LGDC 2026-09-27T19:03:16.453Z] result ok gambit B1 2026.09.24T18:00
[LGDC 2026-09-27T19:03:28.409Z] gate-consult deny gambit B1 2026.09.24T18:15 ms-since-last=14227
[LGDC 2026-09-27T19:03:47.700Z] launch gambit B1 2026.09.24T18:15
[LGDC 2026-09-27T19:03:47.714Z] result ok gambit B1 2026.09.24T18:15
[LGDC 2026-09-27T19:03:59.261Z] gate-consult deny gambit B1 2026.09.24T18:30 ms-since-last=13773
[LGDC 2026-09-27T19:04:18.793Z] launch gambit B1 2026.09.24T18:30
[LGDC 2026-09-27T19:04:18.808Z] result ok gambit B1 2026.09.24T18:30
[LGDC 2026-09-27T19:04:30.172Z] gate-consult deny gambit B1 2026.09.24T18:45 ms-since-last=13621
[LGDC 2026-09-27T19:04:49.430Z] launch gambit B1 2026.09.24T18:45
[LGDC 2026-09-27T19:04:49.448Z] result ok gambit B1 2026.09.24T18:45
[LGDC 2026-09-27T19:05:06.014Z] launch gambit B1 2026.09.24T19:00
[LGDC 2026-09-27T19:05:06.029Z] result ok gambit B1 2026.09.24T19:00
[LGDC 2026-09-27T19:16:34.392Z] launch gambit foF2 2026.09.24T19:15
[LGDC 2026-09-27T19:16:34.406Z] result ok gambit foF2 2026.09.24T19:15
[LGDC 2026-09-27T19:16:46.215Z] gate-consult deny gambit hmF2 2026.09.24T19:15 ms-since-last=13945
[LGDC 2026-09-27T19:17:04.838Z] launch gambit hmF2 2026.09.24T19:15
[LGDC 2026-09-27T19:17:04.852Z] result ok gambit hmF2 2026.09.24T19:15
[LGDC 2026-09-27T19:17:14.529Z] gate-consult deny gambit B0 2026.09.24T19:15 ms-since-last=11944
[LGDC 2026-09-27T19:17:34.773Z] launch gambit B0 2026.09.24T19:15
[LGDC 2026-09-27T19:17:34.786Z] result ok gambit B0 2026.09.24T19:15
[LGDC 2026-09-27T19:17:44.312Z] gate-consult deny gambit B1 2026.09.24T19:15 ms-since-last=14767
[LGDC 2026-09-27T19:18:01.994Z] launch gambit B1 2026.09.24T19:15
[LGDC 2026-09-27T19:18:02.009Z] result ok gambit B1 2026.09.24T19:15
[GloTecAdapter] Error: indice GloTEC vacio
[LGDC 2026-09-27T19:35:04.520Z] launch gambit foF2 2026.09.24T19:30
[LGDC 2026-09-27T19:35:04.534Z] result ok gambit foF2 2026.09.24T19:30
[LGDC 2026-09-27T19:35:14.373Z] gate-consult deny gambit hmF2 2026.09.24T19:30 ms-since-last=12067
[LGDC 2026-09-27T19:35:32.158Z] launch gambit hmF2 2026.09.24T19:30
[LGDC 2026-09-27T19:35:32.173Z] result ok gambit hmF2 2026.09.24T19:30
[LGDC 2026-09-27T19:35:42.063Z] gate-consult deny gambit B0 2026.09.24T19:30 ms-since-last=12120
[LGDC 2026-09-27T19:35:59.615Z] launch gambit B0 2026.09.24T19:30
[LGDC 2026-09-27T19:35:59.627Z] result ok gambit B0 2026.09.24T19:30
[LGDC 2026-09-27T19:36:09.533Z] gate-consult deny gambit B1 2026.09.24T19:30 ms-since-last=12087
[LGDC 2026-09-27T19:36:27.216Z] launch gambit B1 2026.09.24T19:30
[LGDC 2026-09-27T19:36:27.230Z] result ok gambit B1 2026.09.24T19:30
[LGDC 2026-09-27T19:47:49.349Z] launch gambit foF2 2026.09.24T19:45
[LGDC 2026-09-27T19:47:49.361Z] result ok gambit foF2 2026.09.24T19:45
[LGDC 2026-09-27T19:47:58.899Z] gate-consult deny gambit hmF2 2026.09.24T19:45 ms-since-last=11990
[LGDC 2026-09-27T19:48:16.086Z] launch gambit hmF2 2026.09.24T19:45
[LGDC 2026-09-27T19:48:16.101Z] result ok gambit hmF2 2026.09.24T19:45
[LGDC 2026-09-27T19:48:25.574Z] gate-consult deny gambit B0 2026.09.24T19:45 ms-since-last=11662
[LGDC 2026-09-27T19:48:46.450Z] launch gambit B0 2026.09.24T19:45
[LGDC 2026-09-27T19:48:46.466Z] result ok gambit B0 2026.09.24T19:45
[LGDC 2026-09-27T19:49:05.445Z] launch gambit B1 2026.09.24T19:45
[LGDC 2026-09-27T19:49:05.459Z] result ok gambit B1 2026.09.24T19:45
[GloTecAdapter] Error: indice GloTEC vacio
